word;spam_count;ham_count
японские;1;3
ютубе;2;1
рассылке;1;24
компаниях;1;4
бонусные;2;3
мощь;2;1
журнале;1;2
искусства;5;1
программу;3;27
кроется;1;2
цели;4;3
майские;2;1
напишете;1;4
крутой;1;2
доедаем;1;2
стоимости;1;11
финал;2;1
стоит;3;3
многое;2;2
актуальных;1;2
снова;3;3
оск;1;2
покупателю;1;2
александр;3;1
ученые;1;3
карьеру;2;2
файлов;1;2
единоразово;1;2
готова;2;1
могут;2;15
действуют;2;6
научить;3;1
новости;11;7
диабетом;1;2
надзору;2;1
прочь;2;1
уровней;1;2
бытовая;1;7
магазинов;1;5
историю;4;2
праздников;1;3
вебразработки;1;2
топовых;1;2
кешбэка;1;3
ребнка;1;2
программ;4;4
рассказчиком;2;1
ландшафт;1;2
анимация;1;2
снилса;2;1
смартфоне;1;5
замечательный;1;3
вместо;5;6
этапе;1;3
унп;1;5
факт;4;3
загляните;1;10
кегля;2;1
стратегии;2;3
учитель;2;1
выгоды;1;2
вкусно;1;3
инициативность;1;2
изучишь;2;1
проблем;2;1
диджиталдизайнер;1;4
береговая;2;1
новичков;1;4
защищены;1;7
ближайшему;1;2
придерживаться;1;2
течение;3;7
сегодня;10;10
поликлинике;1;2
сезон;1;6
закрытие;1;3
обратная;1;14
кмч;1;2
дотошным;1;2
второго;2;1
домашних;1;2
заберт;1;2
медицинской;2;1
дизайнеры;1;2
дарить;4;1
3принтеры;1;2
учным;1;3
покупках;2;1
стрессменеджмента;2;1
заблокированным;2;1
материал;1;4
среды;1;4
международных;1;3
процессы;1;3
пастой;1;2
многие;2;6
тушили;1;2
возьмм;1;2
сво;2;5
сообщим;1;2
ограничениях;1;9
айдентика;1;2
вечер;2;1
охл1кг;1;2
сопровождать;1;2
х5;1;2
самая;1;3
инженерный;1;2
отбор;2;3
которым;2;3
кнопке;1;2
нажмите;7;15
дадим;3;2
поможет;4;7
фпд;1;6
находят;3;1
тренить;1;4
электронной;1;6
пристегнуться;1;2
закупкам;2;1
совместная;1;2
днем;1;2
7734418612осн127410;1;3
краснопутиловская;1;2
валуев;3;1
викторины;2;1
товара;2;54
пополнение;1;3
2025й;1;2
цены;3;23
риск;2;1
навыками;1;2
вопросов;3;1
воронку;1;2
майнкрафт;1;2
вперд;1;2
истории;5;41
партнерской;1;6
немигающим;1;2
четвероногого;1;2
привезти;2;1
сферы;2;4
бизнесанализа;1;2
прикладного;2;1
инициировать;2;1
радостью;2;2
востребованным;3;4
современных;3;1
операторов;2;2
максимальной;2;2
непринужденно;1;3
друзьями;1;2
задать;1;14
местах;2;1
опытные;1;5
миллионов;1;4
иностранных;1;3
одной;1;3
неоднократно;1;2
способные;1;2
инфраструктурой;2;1
сказали;1;2
работодатели;1;3
выписывают;2;1
задание;2;2
планирования;3;1
городского;2;1
разберут;1;2
секрету;1;2
скидку;12;25
обучаться;1;3
склад;1;2
бюджетом;1;2
общаться;5;1
роспотребнадзора;3;1
дружном;1;2
прийти;1;3
закупоренных;1;2
весна;2;3
реалистичной;1;2
наборы;2;3
носить;1;2
бронирования;2;2
подготовит;1;2
имеются;1;2
свежем;1;2
серьезной;1;2
прикладных;2;1
генной;1;2
всемирный;1;2
контентную;1;2
школьника;2;1
принцип;1;2
акварель;3;1
бабушки;2;1
тарологова;1;2
выдатся;2;1
хотели;1;3
замещает;1;2
держателей;1;2
проводят;2;1
характеризует;2;1
комплексных;1;2
экспертиза;2;1
затрепещет;1;2
методы;2;1
действительно;4;3
картинк;1;2
спроса;1;2
банков;1;3
мытищи;1;17
должность;2;1
опытных;2;1
клубе;2;1
местонахождения;1;4
смена;2;10
энергию;1;4
предоставляют;1;2
хватает;1;3
найден;1;2
души;2;2
эффективности;2;1
размер;1;2
пркт;1;42
инвестиции;1;2
сложному;1;2
чиллово;1;2
старта;2;5
дадут;1;2
структура;2;1
ооо;2;94
базе;1;4
временных;2;2
адлера;3;1
питанию;1;3
долговечным;1;2
указанные;1;18
культуры;2;1
уникальными;2;1
бладборн;1;2
предоставляется;1;25
онбординг;1;2
бонусную;2;1
максфан;1;2
зарплаты;1;7
оптимизировать;1;3
нажимаете;2;1
разделе;1;5
биометрических;3;1
ограниченной;1;43
ритейла;2;1
скидкой;8;14
уволилась;2;2
подруги;1;2
успешно;3;11
создания;3;1
реальности;1;2
респондентов;1;2
переноса;1;3
солдатиков;1;2
удивить;3;1
оливковым;1;2
сообща;1;2
знакомишься;2;1
направьте;4;3
ваши;4;5
соусе;1;2
анкета;1;17
проживания;1;2
ценятся;1;2
платформе;4;1
посвящнные;2;1
организуем;1;2
специальных;2;3
обеспечения;2;2
следят;1;2
упусти;2;2
уметь;1;4
театра;3;1
уверенность;1;2
статистики;1;2
остановки;1;2
уходят;1;2
курсу;4;19
также;17;25
условий;1;12
степени;1;2
оставьте;1;3
красный;1;5
будь;2;1
агент;1;3
министерство;2;1
тд;3;5
уточните;1;2
разного;2;1
подписались;2;7
страницу;1;2
классике;1;2
удобный;3;2
посещение;3;4
развивать;2;2
закрыть;1;2
буквоеда;2;1
партнрская;1;2
информационной;2;3
тренировки;3;4
активного;1;2
вся;2;2
черного;2;1
обеспечить;2;1
связи;5;2
руководитель;2;1
правительства;2;1
большую;3;2
освоит;1;3
намудрить;1;2
волна;1;2
бой;1;2
промышленности;3;3
главу;1;2
смелости;2;1
информационное;1;2
электронном;1;3
специальности;1;2
существующими;2;1
обращайтесь;3;1
новинках;2;1
отделов;2;1
быструю;1;2
канал;3;4
пересылая;1;7
расскажем;2;7
затянул;1;2
современными;2;1
андрей;1;4
весом;1;2
поколен;1;2
покинуть;1;2
140г;1;2
люди;2;3
размышляли;1;2
около;1;6
контентзонах;1;2
поведению;1;2
беговые;3;1
полноценное;1;4
лосось;1;2
тестировщика;1;2
самочувствие;1;2
вкусные;1;2
одежду;1;2
подготовься;1;2
вершины;2;1
официального;2;1
иных;2;5
писали;1;2
вредоносным;1;2
игровые;1;2
детские;1;8
сработает;1;2
желтыми;1;2
образовательном;2;1
эффективность;1;2
спасла;1;2
признавайтесь;1;2
вновь;1;2
будем;2;3
теплые;1;2
конференции;6;3
сестры;2;1
работодателю;1;2
игрушка;1;4
общество;2;43
пачкой;1;2
выбираем;1;4
говорить;1;2
пряностями;1;2
предлагаем;4;4
закрепите;1;2
го;1;3
приложений;1;4
развращать;1;2
отмечается;1;2
направлением;1;2
фламакс;1;2
юр;3;1
джекпот;1;2
картинок;1;6
форум;1;2
реальными;1;2
разоблачаем;1;3
работают;3;3
собрать;1;3
выводил;1;2
часто;3;9
пор;1;2
курьер;1;2
этап;3;1
комн;1;24
достойная;1;2
жульничают;1;2
являетесь;12;47
сделали;1;3
бурных;1;2
пресненская;1;21
эффективнее;1;2
изучать;1;5
человечества;1;2
калининграде;3;1
путешествие;1;2
урока;1;4
планировщиком;3;1
следите;3;6
осознанный;1;3
тост;1;2
15приход;1;2
фильмы;3;2
физических;1;3
онлайнчеллендж;1;2
партнром;2;1
рублями;1;5
заодно;1;5
сделаем;1;2
детали;1;2
бизнесом;1;3
показаны;2;1
ждут;4;11
математиков;1;3
ценам;2;2
оплачиваемая;1;2
непоседливых;1;3
заявок;3;1
учебный;11;1
количеству;1;2
воркбуки;1;2
нейросетями;1;2
мосинжпроект;2;1
интересующее;2;1
забывайте;2;1
первый;4;16
установленного;2;1
делает;3;1
чека;2;2
групповой;2;1
вопросам;4;1
мотивацией;2;1
митапы;2;1
узнали;2;1
пополнить;1;4
продавцу;1;5
приглашают;2;2
прототип;1;4
ваш;5;37
коробке;1;2
управлению;2;2
вдохновляйтесь;1;3
семьей;1;3
технику;1;2
ценными;3;1
забирай;4;1
долями;2;1
неиспользованные;2;1
й;2;1
иллюстрацию;1;3
товаров;6;41
закупкой;2;1
тест;3;41
здоровье;1;4
накопления;2;5
получать;27;72
освоению;2;1
пропадет;1;2
угадать;3;1
увлекательный;2;1
вольетесь;1;2
достижения;2;1
минус;1;2
новогодними;1;2
округ;1;5
контентмаркетинге;2;1
форматам;1;2
заемщику;1;3
праздника;3;1
трудоустройстве;2;3
омега3;2;1
однако;2;3
больших;2;2
бонусов;10;30
любимое;1;2
продавец;1;21
универсальный;1;4
отправить;5;8
финансов;1;2
окончание;2;1
релиза;2;1
дали;1;2
сложится;2;2
определит;1;2
совершите;1;2
автор;1;3
отказ;1;3
пункта;1;5
розыгрыше;2;2
похудении;1;3
бизнесидея;2;1
рассмотрен;2;1
тестовое;2;2
севастополя;3;1
ином;2;1
собственную;1;4
интересам;2;3
телевидения;1;2
делятся;1;2
размера;2;1
руководством;2;3
экраном;2;1
стилусы;1;5
рисовать;1;2
близки;2;1
деловой;4;7
вдохновения;1;2
подразделения;1;4
промик;1;2
топ3;1;3
звонку;2;1
узнаешь;3;1
помогли;1;2
появиться;1;2
подписался;7;1
практики;1;3
546ц547ц;3;1
дайджест;1;10
простых;1;3
вживую;2;1
знают;3;1
платформера;1;2
помните;1;2
такси;1;3
п1;1;4
заключения;1;2
акциями;5;1
некоторые;1;5
управлять;2;4
архитектуре;2;1
занятие;3;2
выявляет;1;2
удовольствием;1;2
паспорт;1;3
страниц;2;1
большинстве;1;2
направлениям;1;2
этаже;1;2
захотел;3;1
экскурсии;3;1
яндекс;3;8
возможных;2;2
плана;1;4
открытки;1;2
трудностях;1;2
исполнилось;1;2
запланируйте;1;3
большая;1;2
связанные;2;10
ловили;1;2
проекты;6;3
пенсию;1;2
передаст;1;2
разных;4;9
хорошим;1;3
попробуйте;1;5
кофейне;1;2
общение;3;4
блюдо;1;3
первыми;5;1
международную;2;2
корпус;1;3
святого;1;2
системы;2;6
знаем;1;6
контроль;2;1
чашей;1;3
дизайнером;1;4
согласие;3;11
обучении;3;1
весомые;1;2
бабочки;1;2
предприятием;2;1
правды;8;2
время;12;40
феврале;1;2
лагерей;2;1
задайте;1;5
центра;4;3
будете;1;5
злодеем;2;1
цене;1;24
волонтерила;2;1
получаю;1;3
необходимо;4;6
информацией;3;14
типовыми;1;2
поговорить;2;1
кристально;2;1
китая;1;3
коллегами;6;4
соревнованиях;2;1
технологическими;2;1
вернмся;2;1
буквально;1;2
двусторонние;1;3
0449л;1;2
спортивная;2;1
индекса;2;2
длиннее;1;2
заболеваний;1;3
победители;3;1
онлайнбронирования;1;2
противопожарной;2;2
факультетские;1;4
турнире;2;1
пике;1;2
обособленное;1;5
интерьеров;1;2
увеличить;1;4
платж;1;5
повышенная;1;3
диск;1;5
финансовый;8;12
ориентир;1;3
персонажа;3;1
полпути;1;2
аккаунта;1;3
зарабатывайте;1;2
потыгыдыкать;1;2
варит;2;1
моих;1;2
соответствуете;1;2
резюме;2;12
геймдизайнер;1;3
высокий;1;4
поставщика;1;2
работе;3;10
егэ;1;3
импортозамещению;2;2
ожогов;1;2
бонусному;1;7
город;1;3
предназначен;2;1
спорт;1;9
звезды;1;4
возникновении;2;1
места;2;4
имя;1;3
видео;9;5
помогающий;1;2
бегать;1;2
математическое;1;2
многопоточность;1;2
находится;2;2
проценты;1;18
постановлением;2;1
топтри;1;2
добрый;13;3
должны;5;2
покупок;3;7
выглядит;1;2
начали;1;5
пожилыми;1;2
перезагрузка;2;1
беспилотные;1;2
события;4;1
аудитории;2;1
способна;1;2
доходах;2;1
удобная;1;2
представляем;2;1
состоится;3;3
автоматических;2;1
нескольких;1;2
завершении;1;3
плечами;2;2
исследовательских;2;1
раскупили;2;1
доставку;2;5
эрудированность;6;1
продуктам;3;1
высшее;1;2
необходимой;1;2
начислений;2;1
брюки;1;3
никакой;1;3
оружие;1;2
месячного;1;3
данного;1;19
линия;2;1
спорит;2;1
учить;1;2
литрес;1;17
содержатся;1;18
домах;1;2
используйте;2;5
мом;2;1
жизни;5;10
буткемп;1;2
постов;1;2
страдающих;1;2
квиз;2;1
угодно;2;6
фонаря;2;1
аннотация;2;1
вуз;1;3
легко;2;12
огромные;1;2
подписчиком;11;5
совершайте;2;1
дождитесь;2;1
начинает;1;2
озон;1;35
оставим;1;2
рюкзакбаскетбольная;1;2
питания;2;5
провести;3;2
зона;3;1
300г;1;2
социологической;2;1
выявлять;1;2
групп;1;2
вечный;4;2
мировой;2;1
активностях;1;3
отечественных;2;3
рн;2;8
мирных;1;2
пройденную;2;1
отметили;1;2
склонны;1;2
диске;2;1
предлагается;2;1
доставка;1;16
освоить;2;15
нужное;2;1
учет;1;2
проводящего;1;2
офиса;2;3
влюблнных;2;1
вуза;1;4
поощрения;2;1
фильма;2;1
партнеров;5;22
доме;1;2
оставил;2;1
начале;2;2
насмотренность;1;2
отдалнные;2;1
отчетной;1;2
внесены;2;1
необходимые;2;2
половина;1;2
признается;2;1
медов;1;3
организм;1;2
запивать;1;2
почтамаркет;1;2
ответим;4;3
игровая;1;2
фундаментальные;2;1
умных;1;2
информативно;2;1
периода;1;14
налогов;1;2
открытие;1;2
друзей;3;1
возглавь;1;2
вкладке;1;2
первое;3;2
томатном;1;2
поступающих;1;2
зарегистрировались;1;2
выделенный;1;2
языки;2;4
дизайнмакетам;1;2
экспериментов;1;2
отстоять;1;2
комфортно;1;3
описаны;1;2
новыми;3;3
комплектов;2;1
требованиям;1;2
металлические;2;1
миллиарда;1;2
пэйонлайн;1;5
экономят;1;3
знает;2;4
слушали;1;2
правилам;1;2
онлайнкинотеатре;1;2
диван;2;1
воспринимает;2;1
посещаем;2;1
прояснить;1;2
безопасному;1;2
смену;2;6
чувствуете;1;2
бесплатного;4;3
суммируется;5;5
достижениям;1;2
строчки;1;3
каждого;2;3
фурами;2;1
дипфейк;1;2
маятника;1;2
панельной;1;2
создадим;1;2
социологов;1;3
искусствовед;3;1
любых;1;4
должностью;1;2
ситуация;2;1
занимаюсь;2;1
маркетинга;1;6
фронтенд;2;1
предоставляет;1;3
резервуарам;2;1
часы;1;2
совместить;2;1
супергерой;1;2
л041001107700574836;2;1
совета;1;5
вашими;1;7
забрать;5;16
неотъемлемой;1;2
подарков;2;6
необходимы;2;2
правилами;1;2
галерее;3;1
выиграйте;1;4
федерации;5;1
сдэкглобал;2;1
комфорте;1;2
территорию;2;1
цб;1;3
компьютерное;1;2
зайдет;2;1
корпоративных;1;2
оснащения;2;3
открытый;2;2
атмосферой;1;3
данные;4;11
анализу;2;2
принесет;1;2
промокоды;2;1
конфигурации;2;3
курс;27;28
смотреть;6;12
вводите;2;1
часть;2;42
финансовому;1;3
которая;2;8
геймдевкоманды;1;2
разработчик;2;18
первоначальный;1;2
палач;1;2
офлайн;3;1
отражены;3;1
защитника;5;1
подготовили;6;3
неопытных;1;2
поступать;1;2
желающих;2;2
кружочек;1;2
аннулируются;2;1
коротко;1;2
лайфхаки;1;4
персональных;1;10
разгаре;1;3
аналитические;2;1
амбиции;1;2
спортивный;2;2
подписку;8;8
уловом;1;2
центре;2;1
калорий;1;3
личном;5;4
записывайте;1;2
сильными;1;2
бухгалтерского;1;2
гибкая;1;2
перейти;3;20
стену;1;2
против;1;3
оформление;4;1
объясним;1;2
волноваться;1;2
старым;1;2
магазинах;3;6
свободная;2;1
застройщики;2;1
употребляются;1;2
тематической;2;1
цифровая;3;1
сундук;1;2
обязательна;2;1
подведм;1;2
спортивное;2;4
особенным;2;1
будьте;1;3
возраста;1;2
откроются;1;3
подружке;3;1
подарим;3;4
справиться;1;2
нсб;2;1
маркетплейс;1;3
дружбы;2;1
питомец;1;2
яркие;2;1
важное;1;3
прп;1;2
станут;1;2
ктото;1;5
заказами;1;3
собирайте;1;2
умный;1;4
идеи;3;6
секретных;1;7
сектора;1;2
бывают;2;1
пытался;1;2
сумка;2;1
пожаротушения;1;3
гибкость;1;2
сидр;1;3
креатины;1;3
магазины;1;7
правы;2;1
администратором;2;1
желающий;2;1
пусть;4;2
итоговая;1;4
успех;1;3
развить;1;4
маркетплейсах;1;2
своих;6;4
хочет;4;5
секции;4;1
аналитика;3;3
явно;1;2
перенесем;3;1
бжу;1;3
поднимите;1;2
комсофтлаб;1;2
формированию;2;1
кешбэк;5;14
дипломом;2;1
запросы;1;3
проводить;3;3
пробежку;1;2
кейсы;3;1
хватит;1;2
присмотреться;1;2
получает;1;4
куратором;3;1
зал;3;2
ноутбук;1;3
захочется;1;2
операций;1;8
подаете;2;1
полной;1;2
крупных;2;3
модель;1;2
интегрированных;1;2
возрасте;1;4
вашему;2;3
самостоятельно;3;4
создают;1;4
третьяковской;4;1
приняли;2;1
мыслей;2;1
адресу;2;3
уважением;15;2
ссылки;2;39
псл045л;1;3
культовых;2;1
литера;1;2
министров;1;2
мясом;1;2
шесть;1;3
углубить;2;1
сайт;6;22
категории;6;13
наук;1;2
картонным;2;1
подробную;1;3
рф;9;20
ипотека;1;2
возраст;2;2
структурировать;2;1
планшетов;1;5
зож;1;2
дню;5;2
клиент;1;7
любые;1;8
гречка;1;2
стойке;2;1
сетей;1;2
оргкомитета;2;1
бизнесе;2;2
олимпиадам;1;3
осуждения;2;1
бронзового;2;1
корректировать;1;2
называют;1;2
розыгрыши;1;2
поддаются;1;2
астрологи;1;2
компаний;5;7
включая;5;3
красивой;1;2
прием;2;4
сафоновский;2;1
счастливчиков;2;1
отзывы;4;1
ухода;1;2
отношений;1;2
дтп;2;1
внимательны;2;1
сумма;3;26
выделения;2;1
конвертация;5;1
мир;3;8
увидим;2;1
дороги;1;2
экстренная;2;1
честно;2;1
маск;1;2
автомобили;1;2
тарифу;2;1
одноклассниках;1;2
собственным;1;2
идея;2;1
перебои;1;2
строить;2;1
пожарная;1;2
крупнейший;2;1
ближе;1;3
случай;3;2
следующими;1;2
ритме;1;2
тренинга;1;5
наконечник;1;13
продактдизайнером;1;2
компаниями;1;2
работодателем;1;2
музеев;2;1
долгих;2;1
технологии;5;6
лекцию;2;1
обновлений;1;2
снилс;1;2
помогать;1;4
метрик;1;2
зарабатываю;1;2
наставниками;1;4
разнится;1;2
традициями;2;1
очередь;2;3
суставов;1;2
греться;1;2
ролики;3;1
темпе;3;3
фискальный;1;5
участник;1;14
подготовиться;2;2
изменений;2;1
разберетесь;1;2
действительна;1;2
сковороду;1;2
заменит;2;1
поэтапно;1;2
признают;1;2
нежирным;1;2
письма;18;42
реабилитация;1;2
мкк;1;5
обучает;1;2
образовании;2;1
прирожденный;1;3
стремитесь;1;2
хорошевский;1;4
приглашает;3;1
простой;2;4
радио;1;2
продукции;1;2
появляется;1;3
розыгрышах;1;2
погружения;2;1
технологиями;3;1
орехов;1;2
получение;3;2
безналичными;1;6
бультерьеров;1;2
26го;1;2
исключительно;1;3
найди;1;2
количсумма;1;3
волейбольные;2;1
экспертов;3;4
сорвать;1;2
отдыха;1;2
сгенерированный;1;2
действий;1;2
стабильно;1;2
котором;1;3
акциях;1;14
путь;1;12
чукотке;3;1
финансового;6;7
работает;8;9
способ;3;16
французском;1;2
психологию;3;1
непросто;1;2
переключатель;1;2
простые;1;4
откройся;2;1
дворе;2;1
протянулась;2;1
счет;1;6
ссылке;12;22
держим;1;3
ожидания;2;1
автоматического;3;1
секцию;2;1
отвечайте;4;1
дома;1;13
доступно;1;7
взлтная;1;2
брендов;1;2
отправки;2;20
зарезервированы;1;3
белые;3;1
мем;1;2
стартовать;1;2
интересна;1;2
установите;1;2
инновации;2;1
протестируйте;1;2
примере;2;1
оплачиваете;2;1
вариант;4;4
ваша;1;7
поставщик;1;2
оценить;2;2
обязанности;1;2
чудоуколы;1;2
весь;2;1
оземпик;1;4
финансы;1;2
подарком;3;1
рискменеджмента;1;2
чек;1;45
рока;1;2
помощью;6;13
психолога;3;1
купить;11;118
рекламную;1;2
удерживать;2;1
бегите;1;2
светлее;2;1
суперспособность;1;2
ключ;2;2
литературы;4;1
самокате;1;4
центр;18;6
зато;1;2
айтизавр;1;2
азы;1;2
финансовых;1;2
чкаловская;13;1
карьерный;1;2
заключение;2;2
крупнейшей;2;1
собеседований;1;2
результатом;1;2
яркими;2;1
российской;5;3
участковому;1;2
совет;1;2
выгодны;1;2
управляет;1;2
использовали;1;3
справки;2;1
вперед;3;2
стулу;1;2
декорированием;1;2
бест2пей;1;4
сада;1;4
аналитиком;1;5
мячи;4;2
решительным;2;1
качествами;1;2
обучают;1;2
всероссийского;1;2
узнает;2;1
геймеров;1;3
мудрое;1;2
другую;1;2
инвентаря;1;3
выполняете;1;2
века;2;1
доклад;2;1
творческих;1;5
дает;4;2
профориентация;1;2
найдте;1;3
управлении;1;2
экспериментировать;1;2
азс;1;2
компетенций;3;2
актуальный;2;1
приказу;1;2
следующие;2;1
месяце;2;1
охраны;3;3
называть;2;1
полгода;1;3
играх;2;2
конференцию;5;1
родителя;1;3
отдают;1;2
рюкзак;1;2
витает;1;2
собрали;1;7
объемами;1;2
прогресс;1;2
подскажут;1;2
минимальная;1;3
ждм;3;1
робопсом;1;2
вход;1;5
понадобится;1;4
русы;1;2
приятнее;1;2
индустрии;4;2
теорию;2;1
рекламой;1;2
противодействие;1;2
имеет;3;3
тариф;1;2
атеросклероза;2;1
отвлекает;2;1
границ;2;2
таиланд;1;3
клавиатура;1;2
отдельную;2;1
приглашений;1;2
ежемесячной;1;2
держать;3;1
анализируйте;1;2
тм;1;8
лыжник;1;2
стала;1;3
1сразработчику;1;2
конфликтами;2;1
фролова;2;1
безопасным;1;2
погрузишься;2;1
потокам;2;1
муравьями;1;2
системных;2;1
дл;1;2
инициативе;1;3
способов;2;2
министерства;4;1
губернатора;3;1
растт;1;2
продолжите;1;2
зарплатных;1;4
пройдет;5;3
русам;1;2
ложных;2;1
элемента;5;1
детей;2;5
оставаться;1;2
6976фп3896382770сайт;1;2
приведт;1;2
добились;1;2
распределять;1;2
профессиональной;4;1
импортные;1;2
резервов;2;1
достиг;2;1
физз;1;2
которому;1;4
парные;3;1
материалы;1;2
тематических;4;3
похудеть;1;2
закрывайте;1;3
ранних;1;2
инженер;1;5
мебели;2;1
госуслуг;2;4
см;2;27
шансы;1;5
списания;1;7
интернетэнциклопедию;1;2
елизавета;2;1
престарелых;1;3
бизнесам;1;2
любого;2;7
активно;2;2
ходить;1;3
пользователю;1;2
выражают;2;1
дешевле;1;2
желательно;2;1
фитнес;1;4
логисты;3;1
пишем;1;2
рекомендую;2;1
новость;3;1
гонке;1;2
половинке;3;1
добившихся;2;1
соберте;1;2
обязан;1;2
гонять;1;2
вчера;1;2
откроется;2;2
профессиональным;2;1
творите;1;2
понимание;2;2
подписывайтесь;3;4
техники;3;1
приносить;1;2
вполне;1;3
телефонам;2;1
доступа;2;2
красоте;1;2
подходящего;1;2
свет;1;2
напрямую;2;2
заявить;2;1
месяц;7;16
холодильника;2;1
решения;7;45
мценского;3;1
веселова;2;1
компании;10;18
подтверждает;1;4
присоединяйтесь;2;8
сомневаешься;2;1
искусствоведению;2;1
спортивные;3;1
зимняя;1;2
наименование;1;2
недавно;3;3
познакомитесь;1;4
начало;2;1
вакансий;2;6
данную;2;1
требуется;3;1
доходе;1;4
интернетмаркетинг;1;2
проходящих;1;3
планировщика;5;1
сбербанк;1;13
эксклюзивные;2;1
эксклюзивную;2;2
вареная;1;2
глубже;3;1
расчета;3;7
хондроитин;1;5
молодежь;3;1
финальная;1;3
графику;1;3
крокус;5;5
откроем;1;4
ценным;2;1
эладротправителя;1;3
баг;1;3
видеоаналитики;1;2
продвижения;1;2
группы;2;2
деканов;1;3
необычный;1;2
позволят;1;2
лучшее;1;2
клубах;2;1
безопасностью;1;4
четыре;1;3
диплом;5;1
аниматроники;1;2
эфира;1;2
момента;2;6
продлевается;1;2
интернете;2;6
развернутые;2;1
жир;1;2
серьезных;1;2
попробовать;1;7
важными;1;2
металла;3;1
вебдизайнер;1;6
готовьтесь;1;2
новорожденные;1;2
признать;1;2
живем;1;2
подтвердить;1;2
желаемое;1;2
баскетбола;3;1
освободились;1;2
ценниками;1;3
мультибонус;1;2
комментарий;1;2
финального;2;1
выработать;1;2
заявка;2;1
симулятора;1;2
боитесь;1;2
знаю;1;2
отказаться;11;22
разбираем;2;1
февраля;35;39
подарка;2;1
церемонюсь;1;2
различаются;1;2
отметками;1;3
противопожарная;1;2
фойе;2;1
герои;2;1
мощных;2;1
видеонаблюдения;1;3
пользоваться;3;1
раза;2;2
сообщаем;2;1
спикеры;2;1
построите;1;2
программных;2;1
запись;1;2
делаете;1;2
опубликуйте;1;5
скидками;5;10
зарплат;1;3
бессонницы;1;2
чес;1;3
отмена;1;3
направить;1;2
любовь;3;3
открыть;1;24
изданий;1;3
распространяется;3;1
тестировщики;1;2
религией;2;1
доставим;1;2
запутались;1;2
лого;3;1
знаком;1;13
итогам;1;4
успейте;2;8
стало;1;4
удиви;2;1
свежую;1;2
магазине;4;2
ездить;1;2
персонажей;5;4
15см;1;2
поймете;1;5
рассылками;1;2
обмен;2;7
пропусков;1;2
сгорит;5;1
розничном;2;1
способа;1;4
итогов;2;1
возьмут;1;2
светодиодные;2;1
фонд;2;1
января;4;8
картинки;1;3
корабль;1;2
зарегистрируитесь;1;2
т;1;2
москве;3;2
падения;2;1
книг;1;2
подготовим;1;6
понравится;2;3
выставки;14;10
странные;1;2
вообще;2;7
хотим;3;1
огрн;3;76
подождите;3;1
глаза;4;1
ценой;2;1
быстрым;1;2
повышении;3;1
вдохновляйте;1;2
стильных;3;1
оборудования;6;7
джесси;1;2
нового;2;1
оформленную;2;1
рисков;1;2
доверьтесь;1;2
высокая;1;2
спорить;1;2
известный;1;2
перепроектированию;2;2
получении;2;2
работаем;2;1
избавиться;2;1
платеж;2;7
описания;1;18
идти;2;2
способы;1;3
почудить;1;2
размере;3;3
требованиях;1;2
подросла;1;2
вопросу;2;1
академических;2;1
понял;1;3
безналичные;1;5
порадовать;7;1
дерзайте;1;2
аванса;1;3
объяснять;1;2
специальная;4;1
получения;3;5
су;1;2
10к1;8;2
кукла;1;2
подборке;2;1
отчтной;1;2
подтвердите;1;4
попробуете;1;5
персонажи;2;1
студента;2;2
отзывов;1;2
сделайте;1;4
берут;1;2
превзошло;2;1
пакет;1;4
невыполнении;1;5
окна;2;1
бесплатный;8;15
творить;1;2
станет;5;5
похудению;1;4
искусственным;2;4
контур;1;3
профессиональный;2;1
платье;2;1
казани;4;1
трудоустройством;1;9
офисах;2;1
чт;1;3
блоге;2;2
подстраивать;2;1
петропавловскакамчатского;2;1
попытки;2;2
задачах;2;1
забавы;1;2
большому;1;3
оповещения;1;2
двигатель;1;2
кабинете;5;5
изучить;4;2
исследования;4;1
подарками;2;5
крупной;2;1
заказные;1;5
андреева;2;1
инженерия;1;2
создавал;1;2
документов;2;2
прокачаешь;2;1
секциях;2;1
хорошвский;1;4
выполнивших;2;1
компьютера;1;3
тестдрайву;1;2
рутины;1;2
творчеством;2;1
газеты;1;8
сотрудничаем;2;1
сердечко;1;2
вернте;1;5
колледжом;1;2
волшебник;1;2
ы;2;1
поселке;2;1
пойдем;1;2
понятные;1;2
ложкой;1;2
рязанский;1;2
взглядом;1;2
аэропорт;1;2
приготовили;1;2
научился;1;3
интерьер;1;2
интроверта;10;2
факультет;1;10
будут;8;22
каждому;1;2
номинация;3;1
заключению;2;1
приступай;2;1
ставках;1;2
самое;3;9
используя;2;1
собираетесь;1;2
маркетинге;1;3
заказать;2;1
транспортные;1;2
устали;1;2
дубовский;1;3
денег;2;2
пробовать;1;2
браузере;1;16
создан;1;2
привычку;1;2
модели;3;1
умеете;1;2
быстрого;1;2
бронирую;1;2
полный;1;20
учебе;1;3
последний;3;4
создал;1;2
рин;1;2
лапы;1;2
заканчивается;3;1
участникам;2;2
совершали;1;2
поступлении;2;3
появится;1;2
сытно;1;2
усы;1;2
решиться;1;4
складе;4;3
принимайте;1;2
выгодные;2;3
куранты;1;2
штрихкод;1;5
услуги;1;6
телекоммуникационной;2;1
функциях;3;1
высокого;2;1
курсе;7;8
семейные;3;1
помогайте;1;2
философия;2;1
обязывает;1;2
обслуживания;1;24
перейдите;8;14
артек;8;1
отмени;7;1
отправлен;1;3
далее;2;12
яблочко;1;2
говорится;1;2
культурном;2;1
разыграем;1;2
возможностях;5;1
услугам;2;1
пользователем;1;39
внушительные;2;1
отображается;1;31
лет;11;9
начисляется;2;2
праздничное;2;1
использования;2;3
близкими;1;4
появился;1;2
весеннее;2;1
отечества;9;1
мвц;3;1
разработать;1;4
теорияпрактика;1;2
средства;2;3
цифра;1;2
анонсируем;2;1
первомайская;1;2
кибер;1;2
подписывайся;2;1
тяжелее;1;2
предъявлении;1;3
целую;1;2
автономный;5;1
компенсация;2;1
прогнозирования;1;2
миссию;1;2
пробовали;1;2
дипфейков;1;2
онлайнформате;2;1
какую;1;2
ремонт;1;3
видеонаблюдение;1;4
ого;1;3
профессии;2;24
информационная;2;2
помогут;2;8
простое;1;2
подачи;3;1
жить;1;6
противодействия;1;2
минуту;1;3
бизнесу;4;3
стикерсердечко;2;1
отобразится;1;2
деятельности;4;2
узнаете;7;10
слышал;2;1
блог;1;42
марта;13;7
плательщиков;1;5
тепло;2;2
разработали;1;3
изображение;2;1
понравилась;1;4
востребованной;1;2
выбрали;1;2
вечерний;3;1
кислот;2;1
сериалам;1;2
плесень;2;1
предприятий;1;2
прекращения;1;2
основном;1;2
кассира;1;5
боковом;2;1
лыжная;1;2
сократит;1;2
количественные;2;1
ффд;1;6
внедрении;2;1
исполнителю;2;1
принимают;1;2
секреты;2;1
самый;4;4
навыкам;1;3
указывается;1;2
запускаете;1;2
тестдрайве;1;3
пт;22;6
волнующие;1;3
амбулатории;1;2
визуально;1;2
заложить;2;1
начал;1;4
карьера;2;2
пункт;1;2
потери;1;2
представила;1;2
унифицировать;1;2
значении;1;2
метриках;1;2
искусство;7;1
потоков;1;2
куриной;1;2
тлфопперевода;1;2
рекомендуется;2;1
бухгалтерию;1;2
компьютерных;1;2
1го;1;3
работников;1;2
детский;4;1
устроилась;1;3
угнетать;1;2
выберет;2;1
согревают;1;2
лучшего;2;1
бесплатно;2;14
юридический;1;44
начинать;1;2
приглашаем;7;4
отдела;1;2
обменяйтесь;2;1
боюсь;1;2
предоплате;1;2
мотиваций;2;1
статус;2;1
карты;3;10
заходите;1;2
начислен;2;1
улучшить;3;3
квартиру;1;2
участники;1;6
платите;1;3
ц46гнрцке;3;1
проконсультироваться;3;3
порадует;1;2
осмысленные;1;2
использовать;5;8
высокие;1;5
читайте;1;8
накопленным;1;2
новых;12;7
находился;1;2
менеджера;1;3
леста;1;4
га;3;1
магистратуры;1;2
достигайте;1;2
разбирается;1;2
банкоматах;1;2
отказываетесь;1;2
план;1;3
красивый;1;2
реквизиты;1;4
отраслевым;1;2
живопись;3;1
втбвклад;1;3
капсул;1;2
отправитель;1;3
маэропорт;1;3
генеральный;2;1
банка;1;39
клиниках;2;1
кешбэком;1;6
либо;2;1
произношения;1;2
считаем;3;1
измениться;1;2
лидеров;2;1
электронная;2;4
граждан;1;3
поисков;2;1
нашего;3;1
эрудиция;2;1
открывай;2;1
своего;2;2
вдохновляющими;1;2
выбирай;6;1
запутался;1;2
произойдт;2;1
маркетплейсов;1;5
думает;3;3
корзина;1;3
увлеченных;3;1
салатами;1;2
спустя;2;3
сайтом;1;2
удалите;4;1
делайте;1;2
экономике;1;2
поэтический;2;1
понимаем;1;3
хранилище;5;1
реализоваться;1;2
оформите;2;7
эл;1;9
тертое;1;2
горят;3;1
контест;2;1
злодеи;2;1
ведущие;2;1
сладкий;1;2
выполнили;1;2
берлине;2;1
советского;1;2
энтузиазм;1;2
объектов;1;2
подпишитесь;1;8
эффективно;1;2
герой;1;2
каждая;1;3
промокода;1;2
региона;2;1
мейн;1;2
статьи;1;3
тарифа;2;1
методов;4;2
туризме;1;2
цифр;1;3
упряжках;4;1
проходит;1;2
поделятся;2;1
побудили;2;1
представлено;1;2
любим;2;1
ставить;1;3
6576к76к87;3;1
поля;2;1
условиями;2;4
минусы;1;2
профильных;2;1
предстоящие;1;2
гены;1;2
напоминаем;4;2
данным;1;15
понастоящему;2;1
фиксируйте;1;2
обязательным;1;2
специалистов;6;15
меняйте;1;2
фтс;1;2
охватила;1;2
обсуждения;2;1
производить;1;2
тестирование;1;3
технических;2;2
предоставленных;1;2
короткого;1;2
разом;1;2
сколько;1;3
следующий;2;3
павильон;3;2
гадать;1;2
формы;1;6
достигнуто;1;2
упорядочить;2;1
чатбот;2;8
оживить;1;2
образовательных;2;3
грудкой;1;2
сутки;2;1
задачи;2;7
вес;1;2
стандарт;1;2
цен;1;2
тайком;2;1
присоединяйся;2;1
загружайте;3;1
происшествий;1;2
избранные;6;2
выйдет;2;3
пла;1;2
оплачивайте;1;7
образом;3;2
долга;1;5
переходи;2;1
темна;1;2
терпение;1;2
соберите;1;3
рассказать;2;1
переподготовка;2;1
оттока;1;2
позади;1;4
образовательными;2;1
подготовке;1;4
лагерь;2;1
диалог;3;1
одежда;2;10
приветствуем;3;1
мыло;1;5
адресах;1;3
киноманов;2;1
канта;2;1
витамины;1;2
видом;1;2
сюда;1;28
организаторе;1;4
приходи;3;1
проектах;1;3
трудоустройство;1;2
внедряются;1;2
налоговый;1;10
парочка;2;1
ип;2;4
интересные;1;3
повлиять;2;1
возможность;7;15
уровня;3;3
мест;3;4
программа;5;14
абиссинская;1;2
клиентом;6;9
ответить;1;2
сайте;20;61
заменим;3;1
новом;2;6
людей;4;5
думают;1;2
очную;1;2
молоджные;2;1
учит;1;2
активным;1;2
старт;2;5
изменил;1;2
документы;3;6
знакомятся;2;1
слежки;1;2
закрылся;1;2
экзорциста;1;2
маркет;1;2
раскатать;1;2
уведомления;1;3
мастерства;2;1
дизайну;1;4
участнику;1;2
версия;1;6
быстрых;1;3
расчта;1;25
стекла;3;1
особенности;3;2
ставками;1;2
платежом;1;3
откладывать;1;4
решение;1;3
возможности;4;4
весной;2;2
требовательнее;1;2
корзину;1;4
гормональный;2;1
миникурсы;1;8
подразделение;1;5
практичные;2;1
лапки;1;3
будущем;1;2
руководители;4;1
рассчитайсь;1;2
представление;2;1
звздах;1;2
жаждущих;1;2
отрабатывать;1;2
попадания;1;2
ищем;1;2
трендами;2;1
меру;1;2
багом;1;2
покупки;6;15
пинкмэн;1;2
цвет;1;2
постоянному;1;2
разработке;2;3
доставлен;1;2
молоджи;1;2
мамы;2;1
бутылку;1;2
подписками;1;2
понимать;2;3
изучала;2;1
разработаете;1;3
познакомились;1;2
упростить;1;2
летние;2;1
всеми;1;2
инн;2;30
профессиональная;2;2
доходность;1;2
единый;1;2
эладрпокупателя;1;3
ложный;3;1
взгляните;1;3
знакомства;1;3
подключить;2;3
тыс;1;4
турции;1;3
секретов;2;1
салат;1;3
заявление;1;4
определение;4;1
итогу;2;1
участвующих;1;3
нр1;1;2
профессий;1;10
опустел;1;2
розничных;2;1
процессинговым;1;3
регулярно;1;3
кампанию;1;2
креатина;1;2
мес;1;5
сконцентрироваться;1;2
диалоги;7;1
рекламу;2;1
бесплатная;1;4
получающих;1;2
дизайна;1;3
отправителя;1;6
скуд;1;6
фото;2;1
заглавной;1;2
учебу;1;3
пит;1;2
можете;4;74
отображения;3;1
вмешательство;1;2
получат;3;2
таможне;1;2
пространство;1;2
официальном;2;1
цельнозерновых;1;2
общему;2;1
онлайнучастия;2;1
думала;1;2
пройдут;4;2
уведомление;1;2
создание;2;1
которых;5;2
занятость;1;2
научимся;3;1
базы;1;3
титульная;2;1
решайте;1;2
ответьте;2;1
приняла;2;1
поздравлятьто;1;2
снижение;1;3
игроками;1;2
впишется;3;1
сахара;1;2
рассылки;25;43
когданибудь;2;1
3а;2;1
накопительный;1;4
назвал;1;2
новичкам;1;5
предполагает;1;2
такие;1;4
заказывайте;1;3
дизайном;1;2
рекламодатель;3;7
обновить;3;1
данный;3;4
добро;1;2
храним;1;2
ранее;4;1
ленивое;1;2
срок;2;12
цифры;1;4
коллективы;2;1
застолье;1;2
леди;3;2
придумывать;1;2
трудные;2;1
разработчиками;2;1
гденибудь;1;2
менеджер;3;5
мудростью;1;2
чугунный;1;5
функции;3;1
врачи;1;2
трубку;2;1
творческими;1;2
адаптация;1;2
противопоказаниях;2;1
учеба;1;2
категорически;1;2
погашения;1;4
гарантия;1;2
вывел;1;2
автоматическое;2;1
помимо;1;2
экран;1;2
заслуга;1;2
посылки;12;4
илон;1;7
услуга;1;6
моими;2;1
ср;1;3
проще;1;6
насекомое;1;2
выбрать;8;62
фирма;11;1
генерировать;1;2
полную;1;4
сервис;3;3
хвост;1;2
выйти;1;3
мероприятия;2;39
курсах;1;2
автоматизировать;1;2
4532у34543;1;3
надежный;1;2
правильно;2;5
студенческой;1;4
мечты;3;4
лента1449;1;2
ритм;2;1
антракта;2;1
ответ;1;3
резервный;1;3
программирование;1;6
фильмов;2;1
страхованию;1;2
ключевых;2;2
знайте;1;2
расширенных;3;1
сказать;1;2
является;2;57
стань;1;2
проектами;1;4
скидкам;1;2
обновили;2;1
суммируются;2;1
шаги;2;1
приводить;2;1
подборку;2;14
сплит;2;1
немного;4;5
бега;3;1
ничто;1;2
мск;1;2
старения;1;2
требует;1;21
кроссовкимяч;1;2
коробку;1;2
обсуждают;1;2
приказом;2;1
участию;4;2
обожгитесь;1;2
планируем;2;1
тушной;1;2
найдет;1;2
упаковкой;1;2
выгорание;1;3
систему112;2;1
бипбуп;1;2
заменят;1;2
счт;2;4
аксессуаров;1;2
ежедневно;1;2
управляющей;2;1
характеристика;2;1
колоссальное;2;1
пройдете;1;3
найти;6;15
составите;1;2
играм;1;2
империи;2;1
ими;4;2
полезное;1;2
реликвии;3;1
анонсами;1;2
маг;1;2
подарки;10;23
спрос;1;12
решили;1;2
кол;1;14
регистрацию;2;2
мог;3;2
победы;12;1
подойдут;1;2
доступности;1;3
вопроса;2;1
командами;2;1
креатин;1;12
фастфуд;1;2
гладиаторов;2;1
вашим;1;4
новогоднее;1;4
усаживайтесь;1;2
м;16;10
разбираюсь;1;2
бренда;1;3
бз;1;2
математикой;1;2
сибиряк;1;2
здоровой;1;2
отправку;2;1
тесную;1;2
вести;1;2
вт;1;3
первыйвторойоливье;1;2
комфортного;1;2
продаже;2;2
теста;1;2
изменит;1;2
взрослому;1;2
масса;1;2
департамента;2;1
собой;2;7
справочный;1;3
репертуар;2;1
приложении;3;17
согласны;2;3
периодов;1;5
гибкий;1;5
навыков;2;3
сверстать;1;2
самовывозом;1;3
сложнее;1;4
аамсистемз;1;2
главное;3;6
авторизуйтесь;1;2
вертолт;3;1
рубашка;1;5
соваться;2;1
кадрами;2;1
выступления;2;1
юридическая;1;19
выбери;1;3
компетенции;2;1
украшение;1;2
велозаводская;8;2
быстрый;1;2
крутых;1;2
похоже;1;3
сетях;2;39
открыться;2;1
возьми;2;1
взносах;2;1
отгородиться;1;2
инфекции;2;1
интерфейсы;1;3
будильника;1;2
процентов;1;3
расходы;1;5
переходя;1;2
профессиями;1;2
иметь;1;2
почувствовала;2;1
зарплатного;1;2
онлайнзанятия;1;5
новогиреевская;3;1
блюд;1;4
лекций;3;1
цнии;3;1
вырастить;1;2
усиленно;1;2
семестра;2;1
переходу;1;3
тайлером;2;1
ответственностью;1;43
откладывайте;1;3
оплатите;2;2
заглянете;2;1
пересматривать;1;2
произведена;1;2
создатели;1;3
зрители;2;1
биоматериала;2;1
сухая;1;2
дозаказ;2;1
организатора;2;1
приступайте;1;2
началом;2;1
четкое;2;1
российская;2;1
настойчиво;1;2
ежедневного;1;3
валютные;1;2
охотники;1;2
отделениях;1;2
представляют;2;1
иили;1;2
тонкая;1;2
поиск;1;2
тенниса;3;1
оклад;1;2
белков;1;6
колдун;1;2
доставляет;1;2
1месяцуслугапредоплата;1;3
могла;2;1
продукцией;2;1
начнем;1;2
порядке;1;2
эффект;1;2
кого;1;2
революцию;1;2
отменится;1;3
привычки;1;11
переходить;3;1
подмосковья;5;1
уровень;2;3
взятие;2;1
луис;1;2
факультете;1;2
рамы;5;1
спортивным;1;3
камера;1;2
ответственность;1;2
нжмите;1;2
воды;1;2
выпускников;3;2
технике;3;1
красной;1;2
улучшать;1;2
заработной;2;1
сред;1;2
многопроцессорность;1;2
научишься;4;1
полным;3;1
профессионального;1;2
информационнотелекоммуникационных;1;2
идеальные;2;1
выйдешь;2;1
тбржется;1;2
ера;2;1
общим;1;2
университет;8;11
дискуссионные;2;1
сценарий;2;2
коллеги;2;1
соорганизаторами;1;2
простую;1;2
порядок;1;2
краснодаре;1;2
месяцев;2;13
продуктов;2;5
околдовать;1;2
обеда;1;3
инструментами;1;2
отправке;2;1
хотелось;1;2
упустите;5;3
новое;3;5
вечера;2;1
насколько;1;3
пригодится;3;2
нейроассистенты;1;2
странице;3;22
выделяться;1;2
опросов;1;2
сильная;2;1
везде;2;4
е4кфпурыептр5;3;1
инжиниринг;1;2
10см;1;2
полна;1;2
моря;2;1
пришлм;1;3
сн;2;1
платят;1;4
инфо;1;7
двери;2;6
алтуфьевское;1;6
баскетбольная;2;1
запустили;2;3
информации;2;4
отборочный;2;1
лыжня;1;2
условиях;1;14
посещения;7;7
архитектуры;1;2
опроса;1;2
асинхронность;1;2
уберм;1;2
супер;2;2
половинки;5;1
возрастом;2;1
распределить;1;2
консультирование;1;2
займет;1;3
политика;1;7
эмпатов;2;1
здоровью;3;2
телеграмма;1;2
отследить;3;1
офисе;1;5
реклама;3;13
масштабные;1;2
защитников;1;2
выгодной;1;7
наша;2;1
акции;9;34
погружение;1;3
впервые;4;2
расскажут;2;1
космос;2;2
баллов;9;3
настоящая;2;18
грузы;3;1
полякова;1;2
яйца;1;2
ждет;2;5
раньше;2;2
рисования;1;3
дипломы;3;1
хотела;2;1
программирования;2;4
переводе;1;2
колбаса;1;2
количестве;1;2
использовании;2;1
речи;1;2
чизбургер;1;3
симулятор;1;2
стремительно;1;3
бетмен;1;3
другое;2;3
подробные;1;5
майкамяч;1;2
химии;2;1
расширение;1;3
двух;2;4
осень;1;2
гостевой;2;1
пункте;1;3
нашла;2;1
начинку;1;2
информационных;3;2
количественных;2;1
уайта;2;1
зачисления;2;1
вспорхнувший;2;1
реформе;2;1
процессе;4;6
полон;1;2
пакете;1;2
собеседованиям;1;7
мысли;1;3
сбора;2;1
оптимизируйте;1;2
рассылка;1;21
выстраивать;1;2
прогнозирует;1;2
электроника;1;8
расписании;2;1
бритья;1;8
помог;2;2
средств;2;7
задумывался;3;1
баллами;5;1
иммунитет;1;2
фрилансзаказы;1;2
свердловская;3;1
телеграмбот;2;1
участвуй;2;1
друзья;10;1
заправки;1;2
создать;3;1
летом;1;2
престижный;2;1
отгулов;2;1
доставляем;4;1
займа;1;4
применимы;2;1
собеседования;1;4
посетить;2;5
декора;1;2
файла;2;1
кликов;1;2
правильное;1;2
послужившего;1;2
конца;2;1
4в1парсинг;1;2
заканчиваем;1;2
оформляйте;1;6
авторизации;1;3
посещаю;3;1
кроссовками;2;1
реальные;2;2
овощей;1;2
стаканов;1;2
деятельность;1;2
вдохновляющий;1;2
совершен;1;2
язык;1;7
мозгом;1;2
вернулись;1;2
маслом;1;2
пиши;13;1
форума;1;2
продлится;2;1
стратегия;3;1
яиц;1;2
считывателя;1;2
машинное;2;1
возвращается;1;2
ужин;1;3
механической;2;1
2е;1;3
следующей;1;2
ссылку;2;1
занятий;1;2
отзывами;2;1
травм;1;2
катастрофа;2;1
рандомайзер;2;1
купоны;2;2
освоив;1;2
спеццене;2;1
аветам;4;1
скачайте;1;2
абонементные;1;5
холдинг;1;2
тяжкие;2;2
своему;1;6
воробей;2;1
сказок;1;2
книги;3;5
возле;1;2
мф;1;2
продуктом;1;2
уолтера;2;1
этапа;2;1
благородную;1;2
выступлений;2;1
ноября;2;1
правильного;1;2
миникурсах;1;2
письменное;1;2
услуг;1;9
понедельника;1;2
инженером;1;2
мероприятий;3;2
предпочитаете;1;2
подтянемся;1;2
вызвать;1;5
куртка;2;5
анализы;2;1
перми;3;1
превышать;1;3
предмет;1;15
способом;1;2
получится;1;8
барный;1;2
финуниверситета;2;1
распознавания;1;2
бренды;1;6
воспользуйтесь;4;3
даст;1;3
вовремя;1;4
выбирая;1;2
большим;1;2
1ый;1;5
советов;2;2
ндфл;4;2
домашние;1;3
маршруткой;1;2
даты;4;3
образовательной;4;1
товар;1;15
общее;2;1
подтянется;1;2
увлечения;2;1
интроверт;3;1
интро;6;1
образы;2;1
ключевыми;1;2
категория;1;2
семинары;2;1
напряженного;1;2
предложениях;1;2
начните;1;5
ясности;1;2
личного;1;3
расчет;1;17
подозрительно;1;2
рекордов;2;1
нагрузкой;1;2
одежды;1;7
зарплатной;1;3
качеству;1;3
идеальное;1;3
зачисляются;1;2
посетив;2;1
слушателям;2;1
выше;2;3
станем;2;1
изменения;5;1
инженерного;1;2
новосибирска;3;1
овощами;1;2
1сразработчиках;1;2
верно;2;1
реши;2;1
п;2;1
ясными;2;1
поверните;1;2
попала;1;2
соцсетями;1;2
исследователи;1;3
поступлениям;1;2
коломбулочки;1;2
кнопка;2;1
результате;2;2
языках;1;4
подарить;4;4
нито2025;3;1
российские;2;3
будущей;1;3
позвонили;2;1
посвятили;1;2
новостей;5;4
издателями;1;2
брокеры;1;2
обновленной;2;1
окончанию;1;2
стиль;2;1
петропавловсккамчатского;2;1
родители;1;2
программам;2;2
упражнений;1;2
товарищ;1;2
пользователя;2;1
тоста;1;2
автодорог;2;1
6ндфл;2;1
жанре;2;1
расписания;3;1
кем;4;6
ошибку;1;4
личность;3;2
создай;2;1
киберпонедельник;1;3
участие;15;3
стажировках;3;1
сверху;1;2
сбережениями;1;2
сбалансированное;1;5
перемещаться;1;2
выступят;2;1
биббипбуп;1;2
выставке;5;1
твоя;4;1
ложного;2;1
эксклюзивно;3;1
чудеса;1;2
ничем;1;2
предложений;4;10
руб;31;16
обновим;2;1
доступные;1;3
вишня;1;2
оформления;1;6
бороться;1;2
съели;1;2
количественное;2;1
ко;7;2
спасателей;2;1
балансу;1;7
хорошими;2;1
персоналом;4;1
постепенно;2;3
загорятся;2;1
апрельском;2;1
подборка;2;9
пробуждение;2;1
коде;1;2
подарил;2;1
переучилась;1;2
угрозы;1;2
разобрали;3;2
нервов;2;1
журналы;1;7
оргкомитет;2;1
петербурге;2;1
денежных;1;3
обувь;1;4
оникс;1;2
александрович;1;2
знакомиться;2;1
освещение;2;1
обнаружили;1;2
доставке;1;2
направлениях;1;2
персонаж;3;2
королевская;1;2
закрытый;3;1
любимая;1;2
транзакции;1;6
правильному;1;2
тонкораспыленной;2;1
люблю;2;1
наполним;1;2
привет;17;11
мероприятиях;7;4
стритхудожником;1;2
робототехника;2;1
английскому;1;3
задача;3;3
поддержке;4;1
тестировщиком;1;2
выбор;4;11
тестировщикам;1;2
гурзуф;3;1
руководителем;1;2
деловую;3;1
интерактивного;2;1
социологического;3;1
настроить;1;4
весны;2;1
ао;2;7
письмом;1;2
понравилось;2;3
мировых;1;2
сервисом;1;2
выпустил;2;1
эстетика;1;2
варианты;1;2
пэрко;1;2
рецепты;1;4
директор;2;1
стильными;3;1
старте;5;2
формате;2;2
купонов;2;1
бункера;2;1
здоровья;1;3
ориентироваться;1;2
номера;2;1
убедиться;1;2
новинки;2;1
продукта;1;11
звездами;1;2
непреодолимое;1;2
объемный;2;1
поэтому;3;10
проектные;2;1
остальное;1;2
сферу;2;6
акций;1;2
боты;1;2
предложения;1;8
помогает;2;3
указали;1;2
литературу;2;1
поттере;2;1
дверей;1;3
совкомбанк;1;2
кроссовкифутболка;1;2
решился;2;1
музыкой;1;2
интеллектом;2;4
гарри;2;2
мобильном;1;10
участника;1;2
конкурсного;2;1
которыми;1;2
вдохновленную;1;2
частей;1;9
минимум;1;2
помидоры;1;2
среднем;2;3
звонков;1;2
дари;4;1
включать;1;3
существование;1;2
мет;2;1
задавайте;1;2
звуки;1;2
проникнуться;2;1
политологов;1;3
капель;2;1
проходили;1;2
населения;1;2
лимитированной;1;2
пропустили;1;2
обращений;1;2
миникурсе;1;6
киберсказку;1;2
первоначальной;1;2
испечь;1;8
грецких;1;2
мессенджер;1;2
вклад;1;4
миллионам;1;3
стаи;1;2
важно;5;5
начинаете;1;2
случаев;1;9
выиграть;1;4
кадров;1;3
справку;2;1
университета;7;7
арахисовой;1;2
говорят;2;2
устройство;1;2
люби;2;1
ндс;3;35
окружение;5;2
позиция;2;1
прима;1;2
дизайнер;1;5
пользователями;2;1
содружества;2;1
такого;2;1
прокачивайте;2;1
востребованы;1;2
вами;4;12
придется;1;3
играть;5;1
сроки;2;6
единственный;2;1
дворах;2;1
можешь;1;2
планировщик;5;1
профессионалом;2;1
измерениями;3;1
которое;1;2
предприятие;6;1
целый;1;2
обзор;3;1
китайском;1;2
экономистов;1;3
человекпаук;1;2
таиланде;1;2
сервиса;1;2
сопровождении;1;2
разделов;3;1
миллион;1;3
подходы;2;1
здания;1;2
отвечать;1;3
причиной;1;2
первые;2;6
стройности;1;3
приложения;1;14
новостях;1;7
крах;1;2
маркетологу;1;2
технологиям;2;2
вузом;1;2
магия;1;3
персонал;2;1
знаний;3;3
диджиталдизайну;1;2
роботов;2;4
справитесь;1;2
пробили;1;2
фитнесклуб;1;3
юрлица;1;3
разделах;2;3
научиться;1;3
возвращаться;1;2
график;1;5
соцсети;1;2
бюджет;3;2
старых;2;1
постеров;1;2
изза;2;17
менеджмента;2;2
рассрочку;2;28
аналитикой;2;1
бонусными;2;1
внимания;1;2
конкретным;2;1
квест;1;2
замечать;1;3
стоять;1;2
рассуждает;1;2
скорости;2;1
пожтехника;1;2
театрах;2;1
нравилось;1;2
полугодие;1;3
баланс;1;12
уникальный;1;3
конкурса;13;1
объектноориентированное;1;2
челленджи;1;5
отходов;3;1
создавать;5;8
конфигураторе;3;1
отношения;1;2
закрытому;3;1
универсальной;1;2
офисы;2;1
сложно;1;3
бонус;1;2
роста;1;4
наборов;1;2
запутався;1;2
дмитрий;2;1
гагарина;2;1
оборудование;3;4
рк;2;1
применяются;1;2
делимся;1;9
попадт;2;1
оземпика;1;2
анкету;3;1
объяснит;1;2
пользуйтесь;1;6
уведомлений;1;4
кабинет;3;14
менее;1;4
интроверте;6;1
врачу;1;4
читаете;1;2
ребнку;1;2
рекомендательные;1;2
кунж180г;1;2
некрректно;1;2
пар;1;2
посетителей;7;1
остальными;3;1
наличии;3;20
медленно;1;2
мечтали;2;1
счастливые;3;1
этапов;1;3
рождении;1;2
вебинарам;3;1
календаря;3;1
осталось;3;3
каждую;2;3
итог;1;5
снимайте;1;2
чужд;1;2
стратегическое;2;1
майка;1;3
указать;1;5
аналитик;2;7
найдется;2;1
подумать;2;1
гена;1;2
разбором;1;2
учреждениях;1;2
инженера;1;3
пушистым;1;2
выходят;2;1
л035012717800734142;3;1
создавали;1;2
среднего;1;2
строчках;1;2
порталах;1;2
нужно;5;19
почту;3;3
задашь;3;1
обучающие;1;30
продолжать;2;1
избранном;1;7
любименького;2;1
исследований;2;2
пока;5;10
макетов;1;2
доход;1;7
вузе;1;2
повестке;2;1
чему;1;3
музея;6;1
зоотовары;1;4
такто;1;2
взаимозависимость;1;2
точные;1;2
владимир;3;1
источников;2;1
эффектом;1;2
интеллекта;2;3
коллекцию;1;2
шанс;10;11
первой;2;3
научной;2;1
спо;2;1
заключнного;2;1
накодить;1;2
контента;1;2
своими;1;2
технологической;2;1
линий;2;1
здравствуйте;2;24
прохождения;4;3
сторис;1;2
пользуетесь;2;1
маркетологов;1;3
начинал;2;1
знаками;1;13
соберете;1;2
выполнения;2;1
назаровой;2;1
право;1;2
определитесь;1;2
эксперты;1;5
работу;6;20
школы;2;2
мотивация;3;1
созданы;1;3
регулировать;1;2
приводит;1;2
правильный;1;3
каталог;1;2
поможем;3;18
боли;1;2
формата;1;2
тебе;7;4
красивых;1;2
управление;6;4
типах;1;2
экскурсию;2;1
пора;2;4
пятерочку;1;2
реабилитацию;1;4
выстраиваются;1;2
25летию;2;1
специалисты;3;16
распродажу;2;2
ищешь;2;1
обновленную;1;2
своей;8;11
особенной;2;1
свечах;2;1
тренером;1;2
яркой;1;2
горы;2;1
расходов;1;2
последствия;2;1
экране;1;3
знания;13;4
добавите;1;4
годовых;1;27
успешного;3;2
получишь;4;1
предложит;1;2
сбережем;1;2
госуслуги;1;6
вжух;1;3
научное;1;2
дизайн;1;14
компания;7;7
эстетов;2;1
огоньки;2;1
ул;31;7
лично;3;1
промокодом;7;6
добраться;1;3
пэй;1;2
эффективное;1;2
сравнивают;1;2
маркетингу;1;4
стакан;1;2
издать;1;5
аптеки;1;2
выполнять;2;3
погрузиться;2;1
культуру;2;1
планеты;2;1
вещи;2;2
кафе;2;1
увидеть;2;4
программах;1;6
год;5;22
бонуса;1;5
государственного;2;1
спортивными;3;1
счта;1;2
эмоции;2;1
бойцовском;2;1
пациентам;1;2
прошлым;1;2
хотел;2;1
желаниям;2;1
скидки;3;40
кураторов;1;2
отдохну;1;2
практика;1;7
магазином;1;2
долго;1;2
покушать;1;2
кабинета;1;3
убедитесь;3;1
разбираетесь;2;1
выросло;1;2
геймдизайн;1;2
английского;1;6
студенческого;2;5
пересолили;1;2
технические;2;1
волгоградский;1;2
пройдешь;1;2
причины;3;5
няней;2;1
сформирован;1;3
именно;3;6
подтверждением;3;1
смарт;1;3
карту;1;16
общественном;1;2
сюрпризы;3;1
свяжитесь;1;41
профессиональных;3;1
кейсами;1;2
мужской;3;15
сотрудничество;2;1
психолог;3;1
продаем;1;2
пошагово;1;2
утром;1;2
понять;5;2
надпрофильные;2;1
поиске;1;3
слова;2;18
нашем;2;9
айтишники;1;2
упрощает;3;1
поздравление;2;1
удаленка;1;5
офд;1;9
любимой;2;1
ночи;3;1
миллилитров;1;2
коминтерна;1;5
подушку;1;2
легких;1;2
авокадо;1;2
врать;1;2
заработать;1;3
фнаф;1;2
черная;1;2
завершить;1;2
катерина;2;1
избежать;2;1
конфиденциальности;1;5
очно;3;3
доступен;1;8
родителям;1;2
предложим;1;3
перспективных;1;2
думать;1;2
актуальность;2;1
бросайте;2;1
сильва;3;1
устранять;1;2
перегореть;1;2
фбун;3;1
мелки;3;1
уверенностью;2;2
изучай;2;1
транскрипция;1;2
кодовое;2;1
семь;1;4
произведение;2;1
оп;1;2
информационные;7;2
ано;4;3
отношение;3;1
ответы;4;9
прекрасна;2;1
училась;2;2
защита;1;3
найдт;1;2
находите;1;2
карьерные;1;2
снятие;1;3
возврат;1;9
аналитике;1;2
отлично;2;1
мечте;1;4
курорта;2;1
покорятся;2;1
транспорте;1;2
взаимодействие;1;5
объяснят;1;2
результаты;4;2
личный;2;15
развеиваем;1;2
индексируют;1;2
тактические;1;2
собирать;1;3
фрдо;3;1
колеса;1;2
научитесь;5;17
философ;3;1
интереса;1;2
решаемся;1;2
испекли;1;2
абонемента;1;3
поздравляем;3;3
пита;1;2
думаете;1;2
прежде;3;1
свой;8;11
множество;1;3
баз;4;3
рыночную;2;1
возможное;2;1
пао;1;26
спасателям;2;1
трата;1;2
уголок;2;1
освоим;3;1
положения;2;1
направления;1;7
тело;1;2
доставит;1;3
принципов;2;1
сессии;4;2
сменить;1;4
неделю;3;6
столе;1;2
предъявляемые;2;1
карт;1;5
доплаты;1;5
срока;1;3
дорожке;2;1
поиграть;2;1
бпла;3;5
одна;1;4
таким;1;4
бизнесаналитик;1;2
курса;14;23
поработала;1;2
реквизитами;1;2
слепить;1;2
скачать;4;8
побочным;1;2
партнеры;8;2
прежней;1;2
иду;1;2
участия;2;3
википедии;1;2
моногидрат;1;8
одноклассники;2;1
каком;4;1
корпорации;1;7
твоей;3;1
тайные;3;1
ответственным;1;2
цветы;3;1
решил;2;1
оно;1;2
неудачные;2;1
государственному;2;1
чату;3;1
стране;1;3
любовью;1;2
рядом;2;1
самой;4;2
саморазвитие;2;1
решений;3;1
профессиональные;2;3
карьеристов;2;1
вводится;2;1
эдженси;1;4
болтать;1;2
станции;1;2
имени;2;1
фрилансе;1;4
празднует;2;1
итриум;1;2
настоящие;2;1
подойдет;1;2
хотите;20;109
прошлое;1;2
мастерклассы;1;3
знаменитого;2;2
подарочная;2;1
получаешь;7;1
пребудет;1;5
цивилизаций;2;1
выпуски;1;2
заявки;5;1
г;24;111
эффекты;1;2
исследованиях;3;1
должно;2;1
материнского;1;3
масштабируемые;1;2
телефоно;1;3
приятная;2;1
выделяемые;1;2
муркнуть;1;2
шести;1;2
большой;4;3
айтишный;1;2
телефону;2;1
пользу;1;9
разгадаем;2;1
поздно;1;2
молодежи;2;1
оказалась;3;1
порадуйте;2;1
петербурга;2;1
втбсчет;1;2
свежие;1;4
энергией;2;2
мешают;2;1
финансах;1;2
вызов;3;1
платы;2;1
подопечным;1;3
вспомнил;1;2
менеджеров;1;3
четырех;1;2
банковский;1;2
ячейки;1;5
полоса;1;2
комфортную;1;2
получают;2;3
вашу;2;3
звонками;1;3
анкет;1;2
кофейник;1;3
узнайте;1;4
тран;1;3
возвращайте;1;2
режим;22;4
котят;1;2
тарифами;1;2
программировать;1;3
заказчиками;1;2
компьютерным;1;2
кунов;1;2
юбилей;3;1
календарь;2;1
15минутных;1;2
смотрим;1;2
нагрузите;1;2
использованных;2;1
произвести;1;2
поделать;1;2
подскажем;1;2
какое;3;2
главный;2;5
проведм;2;1
диаграмм;1;2
интересных;1;3
среднерыночной;1;2
аппетита;1;2
живые;1;2
мыл;1;3
столовой;1;2
распознает;1;2
психология;2;1
решатся;2;1
поделим;1;13
правила;4;7
фрагменты;1;2
восхитительны;1;2
полис;1;5
танк;1;2
программистов;1;3
творогом;1;2
ищете;1;2
используй;2;1
проектирует;1;2
вызвало;1;2
лицензии;3;1
комфортнее;3;1
кстати;3;1
доступы;1;2
меньше;1;3
продумывать;1;2
боится;2;2
индивидуальной;1;2
взаимодействовать;3;1
держателя;1;3
римскую;2;1
прт;1;3
верхнем;1;2
действовать;1;2
автово;1;2
поздравить;2;1
применения;1;3
упаковки;1;4
финансистов;1;3
миникурсов;1;6
технологическим;2;1
мечтает;3;3
км;4;1
игрушки;1;2
целью;1;2
стихия;2;1
рамках;4;13
заниматься;1;2
базовые;3;1
добавить;2;5
экспертных;2;1
помогите;1;3
наши;12;19
магистратуру;2;1
шагов;1;3
проводится;1;2
учетными;1;7
кредит;1;6
волонтрство;1;2
начнтся;2;1
крови;1;2
директора;6;1
билет;16;12
останется;3;2
хитами;2;1
призов;1;3
приятным;2;1
ме;1;2
нейросети;1;3
интенсиве;2;1
слишком;1;2
проведешь;1;2
артбранчи;2;1
читатели;2;1
приключенческого;2;1
выбору;1;2
проверять;1;3
бизнесменов;1;3
партнер;1;5
уделять;1;3
омлет;1;2
боль;1;2
блогерами;1;2
вырастем;2;1
платежа;1;13
находиться;1;2
сцепление;1;2
жизнью;1;2
сотрудника;2;1
вызова;2;1
спасибо;5;22
зарабатывать;1;10
выгодную;1;2
поддерживаем;1;2
движок;1;4
образовательная;2;1
будущего;3;1
тематикам;1;2
программы;12;79
пойдут;1;2
предоплата;1;4
сделать;7;16
лимонной;1;2
философские;2;1
мясо;1;2
выпьют;1;2
смартфона;1;2
дисконтной;1;2
выезда;2;1
правда;9;1
бесплатных;1;3
сервисах;1;6
начинающего;2;1
генерального;2;1
позволяют;2;1
рады;2;2
обучение;8;19
авторов;3;1
дпо;2;1
каждой;2;1
области;9;1
опыта;1;4
новинок;2;5
сценарного;2;1
пакетом;1;2
опросу;2;1
май;5;1
основного;4;5
обратиться;1;2
персональная;1;3
этому;1;2
супергероем;1;3
удобнее;1;4
встретить;1;2
завершаем;1;2
компетентные;2;1
поняла;3;1
документ;1;2
узнал;2;1
почты;1;10
вниманию;2;1
податься;1;2
визитку;1;2
спецтехнике;2;1
разную;2;1
спешки;1;2
утепленная;1;5
составили;1;3
пляжами;2;1
совершение;1;5
выводу;1;2
китае;1;2
точно;6;8
общения;3;2
интеграции;2;1
подход;1;5
хорошая;2;1
оператор;2;2
основании;1;2
мотивации;3;3
бэкенд;2;1
входящих;1;3
полностью;2;7
комфорта;1;3
платформы;6;1
аудита;1;2
последовательная;2;1
попсб;3;2
воздухе;1;3
успеху;1;3
отдохнуть;1;2
превратится;1;2
врываемся;1;2
проведенную;1;4
выгодное;2;1
тлф;1;2
изменена;1;2
проверить;2;3
школа;1;2
главных;1;2
новая;2;4
угла;1;2
сами;1;8
помню;1;2
плагины;1;2
возможностей;7;8
перемены;1;3
этики;2;1
вашего;5;7
отходы;1;2
объмное;2;1
скакнет;1;2
таких;1;4
системному;1;2
писать;5;11
классную;1;2
готовность;1;2
кг;1;11
песнях;1;2
альт;1;3
успешный;2;1
пирожки;1;9
должен;4;3
начинают;1;2
бизнес;1;5
ищет;2;1
помещ;1;6
популярным;1;2
инфляция;1;2
психологом;2;1
заклинания;1;2
таня;1;11
заработал;1;2
жанров;2;2
формат;4;4
читательский;1;2
новейшие;1;2
показывают;2;2
параметры;5;3
посылку;4;2
концепции;1;2
датах;1;2
яблоко;1;2
прошла;1;4
тгканал;1;2
скан;2;1
намного;2;1
выключайте;1;2
экспертные;2;1
искусственный;1;6
пк;2;3
массы;1;2
специалиста;2;2
собеседование;1;3
разодранные;1;2
задачка;3;1
фрагмент;2;1
дела;1;4
ту;1;2
экипировку;2;1
носителях;1;2
пом;1;18
попытается;2;1
интеграторов;2;1
сроках;1;5
услугу;2;2
формировать;1;4
инвестируйте;3;1
максимум;1;3
связь;1;15
написание;3;1
спать;1;3
правде;2;1
конструировать;1;2
импортозамещения;1;2
передвигаться;1;2
психологии;2;1
семи;1;2
дз;1;2
цифрового;3;2
д3;1;2
адресата;1;3
задержкой;2;2
коллег;2;2
долларах;1;2
ребята;1;2
шрифт;2;1
интересовали;2;1
демонстрируют;2;1
тренер;1;3
своим;3;3
зарубежных;2;3
пересматривают;1;2
тестдрайвов;1;3
коллекция;1;2
тенденцию;1;2
самом;4;5
номер;2;23
возьмем;2;2
нужен;3;2
сроком;2;7
ярким;2;2
баскетбольные;5;1
подписке;2;5
потока;1;3
кассовый;1;16
службы;1;7
почувствовать;2;1
случайность;2;1
витаминов;2;1
хиты;3;1
шина;2;1
малым;1;2
поспоришь;1;2
государственный;2;1
рособрнадзора;3;1
крутую;2;2
скрипты;1;2
писателей;2;1
такую;1;2
указанной;1;2
конце;2;2
информирования;1;7
предлагает;1;2
дальше;6;3
инструментах;2;1
этим;2;2
помазком;1;3
связок;1;2
крошечных;1;2
лулу;2;1
прохождении;1;2
команду;1;4
приз;3;5
изменен;1;2
зале;2;4
лучшая;1;3
чеков;1;3
заработок;1;3
юге;3;1
согласованными;2;1
любое;3;4
платформ;2;3
слово;2;2
почтовый;2;2
промокод;12;21
решает;1;2
зимние;1;2
партнерами;6;3
действиям;2;1
финтехе;1;2
выпускник;1;2
скоро;2;7
лечащему;1;2
актуальным;1;8
уберите;1;2
студенческий;1;2
языке;1;4
видеохостинг;1;2
ураганов;1;2
маленькие;1;2
освоение;1;2
запечнный;1;2
рассуждаю;2;1
защитники;6;1
стандартов;2;1
интеграций;1;2
иммерсивная;2;1
амурская;3;1
избранное;1;9
зарплата;2;10
востребованный;1;2
погеройствовать;1;2
ограничения;1;2
напэкстэнержб;1;2
стресса;1;2
темам;2;2
инновационные;2;2
генеральные;3;1
поработать;1;3
актуальную;2;1
вряд;1;2
спешат;1;2
переводчиком;2;1
ленинградский;5;46
рассылок;1;6
прислушиваться;2;1
вызовов;2;1
областным;1;2
выдержит;1;2
жертвовать;1;2
специалистом;4;14
конфигурирования;2;1
ссылкой;1;2
ситуации;2;1
похудели;1;2
написав;1;2
удалить;1;2
работать;4;11
победить;2;2
результатам;1;2
консультаций;1;2
театр;2;1
мнение;1;2
производителей;6;4
учебном;2;1
элден;1;2
автоматизация;2;1
верить;1;2
возможны;1;2
максимуму;1;2
поступить;2;1
карте;2;5
качества;2;1
работодателей;1;5
общительных;1;2
остается;2;2
охотно;1;2
копирайтером;2;1
регистрируйтесь;1;4
найдшь;2;1
напиши;3;1
странах;1;7
получается;1;2
подсказка;1;2
законного;1;3
привязкой;2;1
видеть;1;3
космического;1;2
коллекционная;1;2
особенно;2;2
конкурсе;9;2
перекресток;1;7
статей;1;2
свежего;1;2
постоянном;2;1
совпадение;1;2
салаты;1;3
нужные;1;2
лета;1;2
конкурсному;2;1
посвящены;1;2
концентрации;1;2
советы;1;4
мобильных;1;2
лендингов;1;2
итого;1;13
3дженералист;1;3
историка;2;1
плоды;2;1
магазин;1;4
печеньками;1;2
истинным;2;1
вирус;1;3
пл;1;2
уроке;1;2
держал;1;2
составом;1;2
транспорт;1;2
ялта;2;1
повод;3;2
номиналом;2;4
кругозора;2;1
простого;1;2
обновляются;1;2
нашим;2;2
мероприятиями;1;3
лиц;1;2
текстами;1;2
годового;1;2
авторизоваться;1;7
соответствии;3;3
настоящей;1;18
московской;4;1
защите;1;2
продвигать;1;2
книгами;1;2
смартфонов;1;2
плюса;1;4
приход;1;12
обращаться;1;2
пример;3;1
очень;6;6
хранятся;1;3
полезно;2;2
опагента;1;2
нанимают;1;2
встречается;1;2
клуба;2;1
нелюбимую;1;2
духовку;1;2
живое;2;2
возврата;2;2
занимаются;1;3
перечне;1;3
открытых;2;3
считаете;4;1
анализе;1;2
решают;1;2
терпят;1;2
волшебный;1;3
регулярность;1;2
краснобелыми;1;2
заполнить;3;1
симпатий;3;1
развитии;2;1
анализа;3;3
душевность;2;1
реальная;1;2
пв;1;2
начисления;2;11
гуджитсу;1;2
банковским;1;3
участии;1;2
года;23;20
перевода;1;2
специальное;2;1
этапы;2;1
позвонит;1;2
оплате;2;3
проводятся;1;2
сочетание;1;2
фп;1;3
зрение;1;2
отсрочку;1;2
отношении;1;3
зимней;1;2
медицинских;2;1
бесплодия;1;2
мобильные;1;4
аллы;2;1
привыкшее;1;2
дайджесте;1;2
достался;1;2
область;6;9
фронтендер;1;3
оплаты;1;20
жилого;1;2
создаваемых;2;1
днк;2;3
лови;4;1
персонажем;2;1
отработки;1;2
расчетацена;1;3
обзором;1;2
ума;1;3
велосипед;1;2
разлетаются;3;1
статистика;1;3
виде;3;4
открытку;1;2
мужская;1;7
кожаным;1;2
финальные;2;1
беспокойтесь;1;2
перерабатывать;1;2
новой;4;9
пробного;1;2
планирование;1;2
лондарев;2;1
ап;1;2
мышление;2;2
промышленность;1;2
частям;1;3
основные;1;2
положите;1;2
специалист;2;9
повысить;2;2
довериться;1;3
хоппер;1;3
категориях;1;2
вдохновлялись;1;2
шедевры;1;2
раскройте;1;2
подробной;1;7
возможные;1;2
подарочных;1;4
писем;3;11
эт;1;21
такое;6;3
первых;3;2
полочкам;1;2
тел;10;6
сигнализация;1;2
рассказываем;2;6
путник;1;2
оформлении;2;1
пожалуйста;9;11
резко;1;2
узнай;4;1
квалификации;4;1
площадке;2;1
никуда;1;2
тренеры;1;2
несем;1;2
маркетолог;1;3
повышенными;1;7
тематическую;2;1
оформили;1;3
штраф;3;1
жирных;2;1
заказом;1;3
честностью;1;2
юнсо;1;2
меняется;1;2
правительстве;11;13
всероссийских;1;2
живым;3;1
лена;1;10
высшего;2;2
виделись;2;1
искусственного;2;3
контрактов;2;1
хорошие;1;2
пожар;2;1
телефонном;2;1
познакомиться;3;2
стенд;2;1
рестораны;1;2
хожу;1;2
проживанием;1;2
хорошего;3;1
возможно;2;2
плавно;1;3
вырасти;1;3
тобой;3;1
перевести;1;2
красногвардейский;1;5
информацию;3;10
обратить;2;2
комплекте;1;2
напишешь;3;1
широкий;2;1
ждать;2;6
соцсетей;1;2
задолженности;1;4
глубоко;2;1
лайфхаках;1;7
еда;1;3
востребованную;1;2
добавьте;1;3
сотрудники;2;2
гикбреинс;1;39
зиму;1;2
интровертам;1;2
предсказывать;1;2
курсов;4;8
брызгающего;1;2
сюжет;1;2
отличный;3;3
ставка;1;4
источником;2;1
сферах;1;3
членом;2;1
клиентам;1;4
нейросетей;1;2
побочные;1;2
методике;1;3
углубите;1;2
этаж;1;39
спокойно;1;3
спортсменам;1;2
прогнозам;1;3
практичным;1;2
ведения;2;1
мдц;4;1
кофемашину;1;2
фигуркаутка;1;6
сложились;1;2
новый;10;4
питание;1;6
метров;3;1
году;5;15
выучить;1;2
рецензии;2;1
карточке;1;2
предложение;4;10
войти;2;3
проект;2;8
успеть;2;2
экосистемы;2;1
большое;2;3
сертификаты;6;17
собственными;2;1
направлен;2;1
спешим;3;1
музыкантов;1;2
придумаем;1;2
надбавкой;1;2
посещают;5;2
вдохновляйся;2;1
административной;1;2
строгих;1;2
рост;2;1
представят;3;3
актуальная;1;18
газа;2;1
собственные;1;2
вычет;1;10
расти;1;6
локации;1;2
первую;2;4
популярные;3;8
каким;4;1
контентом;1;2
реального;1;2
миникурс;1;9
тех;12;8
нужна;1;3
инвентарь;2;1
купили;1;2
коммерческих;1;2
мебель;1;6
приятно;1;2
другу;1;2
структурой;2;1
стажров;2;1
другому;1;7
изменением;2;1
прошло;2;1
заберите;1;3
мыслит;1;2
заполнение;3;1
покупку;4;13
включенном;1;2
вопервых;2;1
отправка;1;4
начиная;2;1
москвы;4;1
содержанию;3;1
урогенитальные;2;1
медицина;1;2
популярных;3;4
достойных;2;1
новую;1;8
работающие;1;2
потоках;1;2
базовыми;1;2
талант;1;3
заколдованный;1;2
скорее;1;5
рекламирует;1;2
расположен;2;1
расстройств;1;2
помочь;1;4
926од;2;1
московским;1;2
проджектменеджеры;1;2
регион;2;2
легкий;2;2
теннисное;3;1
вреда;1;2
часа;2;5
оплачена;1;5
вопросы;21;28
розыгрышу;1;5
понравился;2;1
экспертами;4;3
некогда;1;2
банковских;1;7
стать;6;27
сильных;1;2
попали;1;2
терапии;1;2
эпическим;1;2
науки;1;5
рассчитывать;1;3
спешите;3;2
сообщения;1;8
утверждения;2;1
любви;3;6
приложение;6;10
цельнозерновой;1;2
обещаем;2;2
проведения;1;6
павильона;2;1
абонементы;1;7
работал;1;2
сильное;1;2
программисты;1;2
чате;1;2
брать;1;2
необходимых;2;1
совмещать;1;5
заранее;2;6
спаржей;1;2
разработчику;4;1
действует;11;13
создадите;1;11
двигают;1;2
устаешь;1;2
поднимется;1;2
личную;1;2
ведущих;2;3
воскресенья;1;3
волонтром;1;2
представителя;1;3
тлфпост;1;2
остальных;2;1
образовательным;1;2
чеке;1;5
такому;1;2
древние;1;2
бвс;1;2
отдых;1;7
защиты;4;4
неожиданному;1;2
репетитором;2;1
грант;1;2
придумывал;1;2
устроиться;1;3
айтишников;1;2
продажа;3;1
нито2024;2;1
запрограммировать;1;2
мастер;1;3
ночью;1;2
невозможно;2;1
интернетмагазин;1;2
программиста;1;3
пользой;1;3
московское;1;3
которого;1;4
принесли;1;3
отличное;2;2
плаза;1;3
форматов;1;4
обретшь;2;1
особые;1;3
медленнее;1;2
тренировка;1;2
заказе;1;5
пойти;1;3
профориентацию;1;2
яндекса;3;2
вебдизайну;1;2
побережье;2;1
впечатления;3;1
вашем;1;6
руслан;1;4
роботы;4;5
ночь;1;3
получили;21;89
нетворкинг;3;1
шпинат;1;2
большими;1;2
данных;14;18
влюбитесь;1;2
портала;1;39
грамм;1;2
планшете;1;5
отправок;2;1
масла;1;2
забудут;2;1
учт;1;3
надежда;1;3
подробнее;4;41
аптека;1;4
форма;3;2
искренне;1;2
медицинская;1;2
стран;3;1
экономит;1;2
покупке;5;16
технологиях;2;1
годжо;1;2
кнопку;2;3
антигона;2;1
дверью;1;2
чат;4;1
половины;1;2
поколения;3;7
числе;3;3
8телеграм150;9;1
условие;1;2
примерами;2;2
переживай;2;2
этикой;2;1
сберспасибо;1;13
утепленные;1;5
французского;1;2
незачем;1;3
регистрировался;2;1
ресурсами;1;2
развитие;1;5
помогаем;1;3
розыгрыш;2;2
исполнение;1;2
применении;4;2
ппи;2;1
плазма;1;2
средняя;1;4
2стратегий;1;3
мерча;1;3
культурными;2;1
другими;4;5
участником;2;2
расчетных;1;5
нажимаются;1;2
клуни;1;2
опубликованы;3;1
живого;2;1
миклухомаклая;1;10
разработки;9;5
алиса;3;1
оплатой;1;5
привилегий;1;3
гильдия;2;1
гражданской;2;1
написать;1;3
ботыпомощники;1;2
кинопоиском;1;2
пн;22;6
подойдт;2;1
письмо;25;142
бродский;2;1
коворкинге;1;2
стоить;2;1
промокоду;13;7
чести;2;1
отдельной;2;1
системами;2;3
100г;1;2
коллекционных;1;2
кофе;1;7
начисление;2;5
ландшафтной;1;2
сбои;1;2
превращайте;1;2
водорастворимых;2;1
преимуществами;1;2
найдешь;3;1
зарплате;1;3
диапазон;1;5
страшна;1;2
выкинут;2;1
путешествовали;1;2
дарим;6;11
скидами;2;1
существует;1;3
разработчиков;3;3
этих;2;3
партнр;2;1
фиг;1;2
московская;2;9
наткнулся;2;1
цивилизации;2;1
права;1;7
материалам;3;2
сноуборд;1;3
подорожала;1;2
урал;1;2
плюс;2;5
соревнования;4;1
идеями;1;3
съедает;2;1
оборудованием;3;1
размещены;1;2
кайф;1;2
приглашением;2;1
стажировку;4;3
рыбий;1;2
привычек;1;3
приумножим;1;3
придавать;1;2
случае;1;2
хороший;1;2
студенты;3;5
рассуждения;1;2
отдельные;1;2
популярной;1;2
задачами;1;2
онлайнчаты;1;2
дата;1;17
кроссовки;10;12
отображают;2;1
онлайнсеминары;2;1
расчетов;1;8
агента;1;5
плотно;2;1
нужны;1;9
подходящих;1;2
перепутье;1;2
международном;2;1
изучите;2;3
перестаем;2;1
фонченко;2;1
наибольшую;2;1
разу;1;2
зп;1;2
фигурка;1;17
подразделении;1;2
учусь;1;2
экспозиции;3;2
концерт;3;1
совместную;3;1
оставить;1;8
актуалочка;1;2
1саналитик;1;2
информация;1;46
первого;1;5
взнос;1;2
настройки;1;3
рассрочкой;1;5
разбирают;1;2
билетам;2;1
которой;6;4
учетом;2;4
плюсы;2;7
осенью;1;4
могу;3;2
пишу;2;1
человек;5;5
релокацию;1;2
знаете;3;4
круто;1;3
активной;1;2
присоединиться;2;3
решитесь;1;2
разработчикам;1;2
фиксальный;1;5
название;3;3
аспекты;4;1
легче;2;6
оставляют;1;2
утопиться;1;2
купите;1;5
выразить;1;2
призванием;2;1
приезжающих;2;1
соглашаетесь;1;2
театре;4;1
учат;1;2
воскресенье;2;1
уникальное;1;2
предсказания;1;3
следующем;2;1
шутки;2;1
карьерного;1;5
страха;1;2
расходной;1;2
вокруг;1;2
разработчиком;2;2
любом;1;3
компьютерные;1;2
перевод;1;3
бесплатное;2;2
различных;1;5
забронировать;1;5
джинсы;2;1
21864фп3234451448сайт;1;2
отправлять;1;2
развитой;2;1
улица;1;11
удачи;1;2
всему;1;3
трекномер;1;2
зоне;1;3
платежной;1;2
февраль;1;2
разработано;1;2
праздничных;2;1
предоставления;1;4
заправкой;1;2
огня;1;2
проектное;2;1
присылайте;3;1
саморазвития;2;1
четко;2;2
разговоров;1;2
шаг;4;13
разрываться;2;1
привычка;1;3
качество;2;4
корги;1;2
тушение;3;1
состязаний;2;1
карьере;3;4
россия;2;10
гр;1;3
начинайте;1;4
справляться;1;2
пошла;1;2
хочется;1;6
кулачки;2;1
хочешь;15;1
телефонных;1;2
призом;1;2
проходить;1;4
учреждения;2;1
положили;1;3
ресепшен;2;1
руководство;1;2
воссоздать;1;2
оптимальные;2;2
спортивных;3;1
телефон;6;51
любимых;3;5
зафиксировали;1;2
поддерживает;2;1
продукты;2;5
спешить;1;2
компилятора;1;2
руку;1;2
оформился;2;1
резкий;1;2
мирами;2;1
настройте;1;3
флаконе;1;2
бонусы;5;19
звоните;3;1
замена;4;1
банана;1;2
подписка;4;7
бад;2;1
особенный;2;1
удаленке;1;6
наталья;2;2
координации;1;2
сно;1;7
пионерская;13;1
никак;3;1
глубокий;1;2
довольны;1;2
даете;1;7
искать;1;3
микронизированный;1;2
посетите;2;2
занятия;1;2
создает;1;5
планировать;2;1
финансовые;1;2
ширина;3;1
используют;1;4
переплат;1;6
набор;3;10
подмосковье;2;1
фнс;1;10
осознанно;1;2
эрудированности;2;1
рассрочки;1;3
медицинским;1;2
навыки;2;6
термины;1;3
миллионером;1;2
хрупкие;3;1
ответивших;1;2
крепкой;2;1
качестве;2;3
кнопки;1;2
страна;2;1
ваших;1;3
звучит;3;1
машинного;2;1
бэм;1;2
игровом;1;2
мда;1;2
удача;1;2
веселее;1;2
свитер;1;5
юанях;1;2
которые;14;31
складом;1;2
важной;2;1
темвиш045л;1;3
интеллект;1;6
кассе;2;1
давнымдавно;1;2
необходимости;3;3
маленьких;1;2
стильные;1;2
ппрецепты;1;3
гмосква;1;4
телефона;2;3
культуре;2;1
ерны;4;1
зожечь;1;2
порядковый;1;5
вычета;1;2
первым;4;6
криво;1;2
коллегам;6;3
ошибке;5;4
современную;2;1
крутого;1;2
подведение;2;1
сторону;1;2
зрения;3;1
склады;1;5
набора;1;2
ужины;2;1
финансовом;3;4
маршрут;3;1
различные;2;2
гибким;1;3
работ;4;5
гепарда;1;2
плане;3;1
пощупать;2;1
ждите;1;2
внимание;4;15
утечка;2;1
оцени;2;1
препарат;1;2
возим;2;1
выставку;7;3
специальность;2;3
оплаченным;1;3
осуществление;1;7
сфер;1;3
главном;1;3
картинку;1;2
смартручка;1;4
порошок;1;4
клиентов;2;10
четкий;1;2
образцу;1;2
обрезиненный;1;5
поисковый;1;2
самочувствием;1;2
втбсчету;1;3
движет;3;1
римской;2;1
платным;1;2
сб;22;6
подключении;1;2
глобальные;1;2
баллы;4;1
теме;7;1
маркетинг;1;3
историями;2;2
источник;1;4
связана;2;1
книгоманов;2;1
айдентику;1;3
толпа;1;2
интеллектуальные;1;2
ежемесячно;1;3
разрабатывать;2;4
зарегистрирован;1;3
правилах;1;28
отпишитесь;1;8
начинающих;2;4
выпустили;1;2
выросла;1;2
живых;2;1
автовебов;1;2
интернету;1;2
поделиться;1;27
самовыражение;1;2
собачьих;4;1
наступающим;2;1
мусора;1;2
гарантированные;1;2
влиться;1;2
гантель;1;5
благодарности;1;3
ассоциаций;2;1
ребнок;1;2
бизнесзадач;2;1
работы;39;18
офер;1;3
библиотеке;1;2
магистратуре;1;2
опции;1;2
зитерева;3;1
преимущества;3;5
струнам;1;2
дрденом;2;1
справка;2;2
направлениями;1;3
7380440801437220фд;1;3
андреевич;2;1
палитра;3;1
прихода;2;1
смены;1;8
учета;2;1
ненужной;2;1
история;4;1
отслеживать;1;5
гайды;1;3
забавные;1;2
подача;3;1
штук;3;1
балашова;1;3
секретарем;1;2
затягивают;1;2
семью;2;1
играйте;1;2
анонс;1;2
гулять;1;2
поддержку;2;3
ккт0007549243007517фн;1;3
клиента;1;2
проектированием;2;1
природы;1;2
мероприятии;1;6
поддержкой;1;2
мужчина;2;1
мира;4;7
игр;1;5
купон;2;5
нейрохищник;1;4
систему;3;2
старый;2;2
лучшие;3;4
грузятся;1;2
впечатлениям;2;1
пойдте;1;2
поттера;1;2
хало;1;3
нуждается;2;1
дело;1;3
волшебной;1;2
ед;1;4
силы;3;1
анализировали;1;2
сэкономь;2;2
рабочее;1;2
ах;1;3
аналитику;1;2
часу;1;2
центром;1;3
аудиторию;1;2
требования;2;1
встретишь;1;2
принять;8;3
обновления;4;1
лента;1;3
игры;3;10
рецепторы;1;2
ремонта;1;2
сложностей;2;1
приема;3;2
перечнем;3;7
слушателя;2;1
изобразительного;3;1
раздел;2;2
юда;4;3
будешь;1;2
курсы;11;35
идет;2;1
обладает;2;3
пиьм;1;2
ящеров;1;3
аксессуары;2;5
сша;1;8
записать;2;1
отчеты;2;4
погрузитесь;1;3
начислим;2;1
чеку;1;3
удаленно;1;2
систем;4;9
успей;12;1
праву;1;3
уважаемые;3;1
сфере;3;6
отправим;1;2
дублирующихся;1;2
визуализировать;1;3
настройка;2;1
накоплений;1;2
пили;1;2
запасе;1;2
животные;1;2
ндс170000;1;3
предметы;1;2
меняет;1;2
подведем;1;2
пьете;1;2
развидеть;1;2
общаетесь;1;2
применять;3;1
событие;1;2
регионов;3;1
круглосуточном;1;2
причинял;1;2
опытом;2;8
проходят;1;2
физкультурном;1;2
доверием;2;1
адрес;12;82
жиро;2;1
увлечении;1;2
избранных;1;2
наполнить;1;2
десятилетия;1;2
вкусное;1;2
давления;2;2
перенеснных;1;2
интерфейса;2;3
можем;2;2
игроков;2;2
открыты;1;3
гайдам;1;2
филиала;3;1
массовых;3;3
шумных;1;2
успеха;1;5
продавцом;1;19
качественной;2;1
мобильное;1;4
ажиотаж;1;2
пищевого;1;2
целях;1;2
авто;1;2
горит;1;2
любите;1;2
праздничным;1;2
комплексное;2;1
абонемент;2;3
статуэтку;2;1
окупаемость;1;2
подспорье;1;2
делала;1;3
сравниру;1;2
материалов;3;2
спектаклей;2;1
питомца;1;3
художниками;2;1
создали;1;5
итоге;1;2
принимать;1;4
маткапиталом;1;2
перо;1;4
назад;1;4
успешная;1;3
команде;1;3
сертификат;6;7
репертуаре;2;1
единомышленников;2;1
лыж;1;2
иваныкин;1;3
рай;1;2
страницы;1;2
поделитесь;4;5
нынешних;1;2
взялись;1;2
анализ;2;1
рассрочке;1;5
востребованность;1;4
изучает;1;2
конкретной;2;2
фитнессоюзника;2;1
страховых;2;1
тон045л;1;2
стикерпак;1;2
замыкания;1;2
огнеборез;1;2
общие;1;2
итогами;3;1
это;44;172
близко;2;1
доставить;1;2
фио;2;1
обменивайте;1;2
билетов;7;5
госуслугах;1;4
удовольствие;1;5
слабости;2;1
отправляйте;3;1
вручает;2;1
телеком;2;1
большинство;2;1
сложные;1;3
осознать;2;1
разноплановых;1;2
машинному;1;2
банковской;1;3
будущее;1;5
продуктами;2;1
обычные;1;2
освещением;2;1
поскольку;2;1
историей;2;1
фгбоу;2;1
котята;1;2
квартиры;1;2
мероприятие;2;4
пятрочка;1;2
покрытием;1;3
супернаука;1;2
заявку;14;14
магнитные;1;2
консорциум;3;2
оплатить;3;2
назначьте;1;2
секция;2;1
сотрудничать;1;2
становятся;4;2
аренду;1;2
безвредным;1;2
сайтов;1;3
бизнесидею;2;1
тестдрайвы;1;3
надоесть;1;2
покупателя;1;9
бонусами;2;14
смотри;5;1
санктпетербург;21;3
добавляем;2;1
смогут;1;3
стандартам;1;2
центркомпетенцийнастраницу;3;1
нахождения;1;2
международного;2;2
болезни;2;1
выигрывайте;1;4
представлены;4;1
книгу;3;10
дополнительная;1;4
спикеров;2;1
представлена;1;19
нашлось;1;2
выпускники;1;2
аллея;8;2
комьюнити;5;1
форм;2;1
отделений;1;2
искусствоведческое;2;1
например;4;12
интервью;1;2
комбонаборы;2;3
соцсетях;2;12
улучшением;1;2
инициативных;1;2
электронный;5;16
стали;2;2
кембриджского;1;2
конкуренции;1;2
конфигурациями;3;1
южнобережного;2;1
предлагают;1;4
преодолеют;2;1
настоящего;2;1
сменные;1;2
раскрывать;2;1
понятную;1;2
козырям;1;2
открыли;2;2
аюдаг;2;1
режиме;3;1
статью;1;2
дорогие;2;1
лезвия;1;3
списание;2;1
захотите;1;5
подходе;1;2
киберугроз;1;2
какойто;2;2
день;19;20
фуре;3;1
ценность;2;1
альп;1;2
вебразработка;1;2
лгких;3;1
совершили;1;2
твое;1;2
понимал;2;1
поднимать;1;3
разработка;3;6
правом;1;2
интересно;5;7
задания;3;4
яндексе;2;1
сервисов;1;3
методом;3;1
цифровые;1;3
сессия;1;3
подходящие;1;7
стационаре;1;3
фундаментальное;2;1
стр;1;42
сертификатов;4;1
реальной;2;2
фанатов;2;1
оставляйте;1;4
слушатели;2;1
норму;1;2
производится;2;5
питании;1;2
занятиях;1;2
количество;6;13
расписанием;3;1
логотипы;1;2
порошо;1;2
шт;1;19
разложили;1;2
рассчитайте;1;3
темперамент;1;2
экономических;1;2
проектов;3;10
теми;2;1
посмотреть;4;11
каких;4;2
зарегистрированным;1;7
сцены;2;1
российский;1;2
защищнном;1;2
система;1;7
покупать;1;2
поставщиками;2;1
другом;2;2
практический;2;1
языком;1;4
котенок;1;2
ценные;3;4
работой;1;3
алла;2;1
пригодятся;2;1
объемную;1;2
скажу;1;2
сделаете;1;3
массовая;1;4
всем;8;9
сэкономить;2;1
важные;2;3
читала;2;1
ккт;1;13
китаиста;2;1
стартапах;1;2
расположился;2;1
двум;1;3
отправлено;4;1
останавливаться;2;1
зачаровывать;1;2
расчт;1;3
разница;1;2
становится;2;1
освоите;1;6
путешествии;1;2
причем;1;2
меняют;2;1
собственной;2;1
праздники;1;6
последние;2;2
чужом;1;2
теоретикометодологические;2;1
порадуй;2;1
ручки;1;4
лавка;1;2
сергей;2;1
ожидать;1;2
окончания;2;2
фест;2;1
глушить;1;2
рублей;13;12
официальным;2;1
возможностью;1;2
немедленная;2;1
роли;2;2
школьник;1;3
атмосферу;1;2
майки;2;1
планировали;2;1
привезли;3;1
девиз;1;2
другим;2;2
дискуссии;1;2
разработчики;1;3
настроением;1;2
пить;1;2
мастерская;2;1
конечные;2;1
вернтся;2;1
многому;3;1
смотрю;1;3
красивое;3;1
создаете;1;2
хороших;1;2
монтажной;2;1
вдвое;1;3
алгоритмов;1;2
полезных;2;3
ставили;1;2
лимон;1;2
вс;28;15
сборе;1;2
комнаты;1;39
регистрации;5;8
формах;2;1
еженедельном;2;1
паук;1;2
сервисы;1;20
утра;1;3
пользовался;7;1
контесты;2;1
сделай;2;2
осн;1;8
подошли;1;2
расписание;2;1
концепцию;1;2
самолтами;3;1
поддержим;2;4
обучаем;3;1
морковь;1;2
профориентационные;1;3
анализировать;2;2
диагностики;2;2
норм;2;1
лекциях;2;1
код;1;17
совершает;1;2
затем;1;3
случайных;1;2
эффектов;1;2
трендовыми;1;2
соорганизатор;1;2
недель;1;5
удостоверяющий;1;2
артерий;1;2
лекциями;3;1
регионах;1;2
проспект;5;7
специализирующиеся;1;2
коем;1;2
путвкой;2;1
разборов;2;1
муниципальный;1;5
курсам;1;2
агентством;1;3
формуле;1;2
любимые;2;2
выполнен;1;3
решаешься;2;1
голосования;3;1
продавце;1;18
собственный;1;5
управляющий;1;2
характер;2;2
умеет;1;5
беспредела;1;2
сноубордист;1;2
подходах;2;1
рука;1;2
интерьера;1;2
организаций;1;2
постоянно;3;5
кбжу;1;9
астрала;1;2
кратко;2;1
отраслей;3;1
изучение;1;2
розыгрыша;1;2
упаковочных;1;2
выбором;2;1
проводиться;2;1
бонусам;1;2
укоренилась;1;2
выявление;2;1
подробно;1;5
выездная;2;1
офисных;2;1
популярнее;1;2
романтичный;2;1
останутся;1;2
быстро;4;8
городах;1;3
открыт;1;2
обычно;4;1
написаны;1;3
онлайн;7;12
высокой;1;2
контакты;1;3
основная;2;2
слайдов;2;1
английская;2;1
д3а;2;1
соберт;1;2
укладывайтесь;1;2
оплаченных;1;3
стиля;2;1
акцию;1;2
совершенствуется;1;3
пропустил;2;1
карандаши;3;1
продуктах;1;2
алгоритм;1;2
фанфики;2;1
пластиковую;1;5
предусмотренных;1;7
обучающихся;2;1
берет;1;2
планирует;2;2
чтото;2;8
художественная;1;2
голоса;3;1
разобраться;3;9
устройстве;1;5
портале;2;2
литресе;1;2
заданий;1;2
нос;1;2
тексты;1;5
пшенс;1;2
нагрузки;1;2
стремящихся;2;1
максимально;1;2
рассылку;23;60
рекомендации;2;7
тему;5;2
входите;1;2
тайны;2;1
продукт;1;5
радости;2;1
остаток;1;3
гайдов;1;2
кода;3;4
ии;1;30
визуального;3;1
почтальоны;1;2
многообразии;1;2
устройств;1;2
звонок;1;9
скидка;11;23
доверие;2;2
организации;4;3
упускай;2;1
фигурок;1;2
держись;1;2
давай;3;1
бизнеса;2;20
языку;1;3
евгения;1;2
настольных;2;1
пара;1;2
деле;2;8
графический;1;5
баловства;2;1
участвовать;5;9
евгением;1;2
практических;4;1
группе;1;4
пригласить;1;2
владение;1;4
наступает;1;2
откроете;1;5
космоса;1;2
способах;1;7
комплексные;1;2
работа;8;7
профессией;2;4
интернетом;2;1
способен;1;3
победу;1;5
ограничена;1;7
робособаку;1;2
лайфхака;2;1
получению;2;1
набережная;1;4
инженерыпроектировщики;2;1
учетной;1;2
тренируют;1;2
наиболее;2;3
работаю;2;3
функцией;1;2
таргетированной;1;2
ведущей;2;2
идей;2;1
карьеры;4;10
привидениями;1;2
концентрат;1;2
конкуренция;1;2
замесить;1;2
использованию;2;1
подарок;12;28
жилищному;2;1
правильные;3;1
эфире;1;3
пск;1;5
принимаются;3;1
встречи;7;4
комплектами;2;1
начисляются;2;20
делаем;3;2
коммьюнити;2;1
некоторое;1;3
разнообразные;1;2
закрутилось;1;2
анимацию;1;3
услугами;3;1
внтерг;1;5
любит;2;3
стилуса;1;6
направление;2;8
тренажрах;2;1
приехали;2;1
давно;4;1
креслопуф;1;2
ящик;1;2
автотовары;1;8
час;1;3
отличаются;1;3
получите;6;16
вотвот;1;2
завышенных;1;2
экскурсия;2;1
адреса;5;1
сходить;1;2
использованием;1;2
проведем;1;3
потребительской;2;1
сердце;2;2
злинсметана;1;2
обнаружила;1;2
удачу;1;2
коллекции;2;3
переход;2;1
лекции;6;2
аккаунт;1;7
функционал;2;2
позволит;3;1
нуля;1;16
наш;2;50
сотрудников;1;3
проверки;1;3
таблиц;2;1
безопаснее;2;1
ведите;1;2
письмопредсказание;1;2
техническое;1;2
рассказы;2;1
процент;2;1
городе;2;1
людям;2;1
платежей;1;2
выразили;3;4
разработчика;5;3
выполнении;1;6
нейросеть;1;5
след;1;2
приложениях;1;2
дефицит;1;2
космический;1;2
текучести;1;2
тренируете;1;2
ценный;3;2
зачислением;1;2
внедрению;1;2
модули;1;2
звучать;2;2
пришли;1;2
активируйте;1;6
тесто;1;4
жиров;1;6
ежегодная;1;2
порекомендовать;1;3
ограничений;1;2
коммерческую;1;4
пуховик;1;5
пытались;1;2
высшая;1;2
1сразработку;1;2
жуков;1;3
молоджный;1;2
основы;3;4
скрывай;2;1
назвали;1;3
участвуют;2;1
территорий;2;1
рекламе;2;1
трекер;2;1
особый;2;1
героем;2;2
переключателей;1;2
передал;1;2
недели;2;3
высококвалифицированные;2;1
менеджмент;1;2
подходящее;1;2
футболки;2;2
бизнесидеи;4;1
близких;4;1
чутьчуть;1;2
билеты;9;1
официально;1;2
беларуси;1;3
группу;1;2
лучший;1;2
фактах;1;2
уезда;3;1
войдите;1;2
работая;1;2
стажировок;3;1
сложным;1;2
потяну;1;2
врумврум;1;2
касса;1;2
тренировочных;1;2
вида;3;1
получаете;2;2
пазлы;1;2
запоминающийся;2;2
конкретные;3;1
крупными;1;2
впихнуть;1;2
поделимся;2;3
гребле;2;1
баскетболистов;1;3
наслаждаться;1;2
привлекать;1;2
очнозаочной;1;2
фд;1;12
фундамент;2;1
влюбились;1;2
харизму;1;2
каждый;5;5
дедлайн;1;9
результатов;2;5
наставников;2;1
водительское;1;2
трудятся;2;1
медицинскую;1;3
реже;1;5
востребованные;1;3
открывается;2;1
представили;1;2
готовить;1;2
хотя;1;4
выключать;1;2
преподавателей;2;1
указан;1;2
нестандартно;1;2
омега;1;2
выступающих;1;2
кулера;1;2
почта;2;19
артмероприятиях;2;1
условиям;1;4
моим;2;1
лицу;1;7
преступников;1;2
детскими;2;1
прогулок;1;2
обязаны;1;3
тренируйтесь;1;2
болид;1;2
историй;1;2
пожаловать;1;2
эмоциям;2;1
понимает;1;2
захватили;1;3
платных;1;3
свое;4;7
механики;1;2
вебкамеру;1;2
образования;2;2
1сразработчик;1;6
дисконт;1;2
поиска;1;3
усн;3;1
ягод;1;2
факультетов;1;5
текст;1;2
7летним;1;3
ломтиком;1;2
новинками;2;3
реализовать;2;1
тратить;1;4
рекордсмена;2;1
уважаемый;2;3
базу;2;2
неплохо;1;2
2048х1048;9;1
наконечники;1;2
корзине;2;7
поновому;1;2
оплату;1;12
текущий;1;3
вывоз;2;1
заказа;2;12
новогодние;1;2
рекордный;3;1
анимацией;1;2
освещения;2;1
покажем;2;1
минстроя;1;2
тревожили;1;3
часов;8;6
вашей;2;4
построить;1;2
колонки;1;2
макбет;3;1
обратите;1;10
сберегательные;1;2
презентация;3;2
наличные;1;6
накапливать;2;1
отрасли;4;4
парковая;2;1
мол;1;4
отличаться;1;2
второй;7;3
причина;1;2
отслеживания;1;4
подтвердит;1;2
подписаны;3;1
цифровых;1;3
игровых;1;2
30й;2;1
подготовки;4;2
месяца;3;9
навсегда;4;2
тестировании;1;3
участников;8;11
поездку;1;2
могли;2;2
заботимся;2;1
партнров;1;4
барбе;1;4
картам;1;5
периметра;1;4
диалога;2;1
закончиться;1;4
жизнь;7;8
паспорта;5;2
ведет;2;1
означает;2;2
рабочего;2;1
тапочках;1;2
общаются;2;1
обстановка;2;1
минут;6;9
обучению;1;4
др;2;1
направляй;1;2
преподавателем;3;1
среди;3;4
смоленская;2;1
реальных;1;5
графы;2;1
последующий;2;1
раскрыть;2;2
иллюстраторов;1;2
щадяще;1;2
безопасность;2;3
рубеж;2;2
точен;1;2
числятся;3;1
предназначено;1;3
лыжи;1;2
дней;7;10
осторожно;2;2
углублять;1;2
интенсив;2;1
базой;2;1
показаний;1;2
ждт;2;3
двигаться;1;2
целых;1;2
говорит;2;1
программируют;1;2
практические;3;1
здравствуй;1;2
высыпаться;1;4
кастомизации;2;1
лидером;1;2
считается;1;2
нап;1;2
курьером;1;3
русском;1;2
следующую;1;2
невесомости;1;2
руками;1;2
научим;1;3
ред;2;1
риски;1;4
250г;1;2
умными;2;1
менять;1;3
случайным;1;2
именным;2;1
являются;1;13
20минутные;2;1
знакомств;2;1
округах;2;1
москвича;1;10
коллекционную;1;2
подходит;1;22
танковым;1;2
бонусной;1;8
икрой;1;2
посвоему;1;2
ирапром;1;2
передайте;1;3
вечные;1;2
уточнить;2;1
пополнен;1;2
вебсервисов;1;2
обед;1;3
красота;2;3
биологии;1;2
разместить;2;1
спектакли;6;1
пропагандирует;1;3
оповещение;1;2
годом;1;4
вместе;6;7
прошли;2;1
насчитывает;1;2
нафеячить;1;2
совершай;2;1
мая;35;1
литературовед;3;1
потратить;3;1
онлайншутера;1;2
юристов;1;3
корзины;1;3
прямо;1;13
большого;1;2
даша;2;1
вдохновляют;1;2
хакерами;1;2
естественно;2;1
потяжелела;1;3
угрожающая;2;1
мобильная;2;1
3шутеров;1;3
начала;1;3
вдумчиво;1;2
влияют;1;2
механизмы;3;1
восстановить;1;2
пр;2;1
33г;1;6
близким;3;2
спортивную;1;2
открыл;2;1
знакомство;1;3
ответами;1;3
пытаться;1;2
разделяете;1;2
очной;2;2
ищут;1;2
кряхтеть;1;2
интеллекту;1;3
гхмс;2;1
рублях;1;3
изменить;4;6
стремление;1;2
помогают;4;4
клика;1;2
главным;1;2
фитнесом;2;1
шараповский;1;3
коммуникаций;3;2
завести;1;4
поколение;3;1
подписать;1;3
вдохнуть;1;2
согласно;2;4
любому;2;1
справились;3;1
готов;3;2
авторизация;2;1
экономическом;1;2
геймдевмир;1;2
кирилл;2;1
доставки;2;12
2638пп;2;1
фигурки;1;6
повышенным;1;2
художника;1;2
вживается;1;2
заказчики;2;2
сафоново;2;1
рекламноинформационных;2;1
преподаватели;2;1
контролировать;1;2
попросили;1;2
омс;1;5
3х;1;2
носков;1;2
блок;2;1
консультации;3;5
ассоциация;2;1
нам;8;4
веса;1;2
империю;2;1
мерч;1;2
привилегиями;1;2
москва;23;86
современного;2;1
оследние;2;1
дизайнеру;1;2
конфиденциальным;1;3
прошел;1;5
вроде;2;2
платежами;1;3
внесите;1;3
дроп;1;2
солнце;1;2
указав;3;3
включительно;8;2
продолжает;1;2
верните;1;2
философии;3;1
пользование;1;18
состоит;1;4
поздравляю;1;2
духом;2;1
вскружить;1;2
выигрышей;1;2
кино;2;3
500гр;1;2
питомцы;1;2
пациентов;1;3
предназначение;1;2
поселка;2;1
протяжении;2;2
отправления;2;2
юбилейный;2;1
бюро;1;2
потенциала;2;1
стилей;2;1
принципы;2;1
чатбота;1;2
счета;1;3
тривитех;1;2
нарисуете;1;2
сокращения;1;2
прекрасная;1;2
разрабатываем;1;3
изнутри;1;4
труда;3;7
сотрудниками;2;1
дистанцию;2;1
событиях;1;2
узнавать;3;2
нюансы;2;1
самые;6;4
гонка;1;2
глеба;2;1
программе;4;13
экономики;2;2
ккал;1;7
получателю;1;2
нашумевший;1;2
конкуренцию;1;2
пугаю;1;2
интерфейс;2;2
мобильного;1;3
взрослых;1;2
делу;2;5
проехать;3;1
технического;3;1
отчетов;1;2
донабор;2;1
действия;2;17
официальный;4;1
геймдеве;1;2
додфа90201;1;3
обсудить;3;1
мои;2;6
мечтала;2;1
подбору;1;2
вода;1;2
кассовые;2;1
ловите;1;2
ниже;3;3
1ср;2;1
цод;1;2
пиксаева;2;1
лояльности;2;9
встретиться;2;3
растет;1;3
бросить;1;2
клубной;1;5
калькулятор;2;1
тринити;1;2
консультацию;1;3
ещ;2;20
выполнить;2;1
открывайте;1;2
масло;3;1
обследование;2;1
веб;1;3
чьи;1;2
коллаж;1;2
случайно;2;2
грамотное;1;2
компьютер;1;2
группах;2;1
мохнатые;1;2
любую;1;6
одинаковый;2;1
страшного;1;2
бессрочный;2;1
посвященный;3;1
прислушаться;1;2
вторая;2;1
наше;3;1
типа;2;1
налогообложения;1;6
призами;3;1
робота;1;2
удобного;2;1
покошачьи;1;2
ошибки;1;7
баталиям;1;2
тематические;2;1
одни;2;1
командой;1;3
наука;1;2
нагруженных;2;1
столицы;2;1
договориться;1;2
бесценным;1;2
исчезнет;1;2
раскрывают;2;1
андроид;1;2
девять;1;2
площадкой;1;2
открываем;2;1
рынке;1;6
2при;1;4
планшета;1;4
дат;1;3
загрузка;1;2
новым;4;4
пожеланиями;1;2
фаршированные;1;2
утверждается;2;1
перемещать;1;2
алгоритмам;2;1
местные;3;1
лап;1;2
руководить;1;3
подтверждение;1;2
уверены;1;3
толпе;1;2
затрепетало;1;2
откройте;1;7
банком;1;3
дня;11;7
тысяч;3;2
стул;1;3
мудрецаналитик;1;2
бесполезная;1;2
приживается;1;2
интервал;2;1
гк;1;2
15н;1;2
спецпредложение;2;1
презентуют;1;2
классификация;2;1
рукой;1;2
успешны;1;2
рассрочка;1;34
набрали;2;1
душные;1;2
инструменты;2;4
ответа;2;21
перекус;1;4
зрительских;3;1
лицензия;3;16
эфэр;1;2
записаться;3;6
маме;3;1
твердая;1;2
начать;3;13
гуманитарными;3;1
впереди;1;3
описание;1;4
вырос;1;3
гибли;2;1
быстрые;1;5
рекорда;2;1
лучших;1;2
мэтч;2;1
идеальный;5;2
предоставляются;1;19
красножелтыми;1;2
никаких;3;6
счету;1;3
армосистемы;1;2
экономический;1;2
покорять;1;2
размещенных;1;2
пару;1;8
удобные;2;1
несколько;4;14
автоматизируйте;1;2
свежих;1;2
совместим;1;2
доли;2;1
товарным;1;7
доставил;4;1
полуночи;1;2
экосистема;1;3
увеличит;1;2
ярких;2;1
отборе;3;2
уборке;2;1
интегрированные;1;2
зарегистрированы;1;21
отгремел;1;2
3ей54гн56г;3;1
теннисные;2;1
осени;1;3
платформой;2;1
смотрите;2;8
документах;2;2
марок;1;2
никита;3;1
глюкозамин;1;5
учебой;2;3
уйти;1;3
вставать;1;2
организатор;2;12
вконтакте;3;1
цена;1;18
вкусовые;1;2
генеральная;1;13
пациенте;1;2
консолей;1;2
числа;1;2
испытать;1;2
лут;1;2
игру;1;3
дети;1;2
ногу;2;1
воплотить;1;2
н;3;1
федерация;2;1
подтверждают;2;1
ускорить;1;2
нами;4;43
занимает;2;1
азиатской;1;2
высот;1;2
инструментов;3;4
отметкой;1;3
мимоза;1;2
координаторство;1;4
настало;1;2
фронтенда;1;2
работали;1;3
победителя;6;1
порошке;1;2
респект;1;2
забота;1;12
улететь;1;3
ассортимент;3;2
выставка;3;1
нашей;6;5
остановить;1;2
айтишник;1;2
охрана;1;4
опция;1;2
читать;4;8
почте;1;3
какоето;1;2
разлей;1;2
потоку;1;2
шутят;1;2
премьеры;3;1
когтей;1;2
ближайшего;2;1
заработку;1;3
каждым;2;2
задачки;1;2
миффлина;1;2
4го;1;2
выполненные;3;1
примечание;1;18
творог;1;2
течении;1;2
считать;1;4
выдачи;1;12
основной;3;1
расширенная;2;1
отдельных;1;5
высокооплачиваемых;1;2
подписки;2;8
смене;2;1
избегать;2;1
подойти;1;2
проведении;2;2
желания;1;3
устроена;1;2
добрых;1;2
офис;1;4
сможете;4;18
просто;22;29
ответом;2;1
видишь;2;1
ставке;1;14
росии;1;7
любым;1;2
других;3;11
объявлений;1;2
политикой;1;2
сказочные;1;3
дорогая;1;2
врстка;1;2
счастья;2;3
обработки;2;4
диджитал;1;2
зарплату;1;9
оплачивается;1;2
получайте;1;15
шампанским;1;2
пройди;4;1
применяемая;1;2
оцените;1;13
точки;4;4
планшетный;1;2
пропорции;1;2
зависимости;1;4
рассчитан;2;1
курьерская;1;2
строительство;1;3
перенять;2;1
городских;1;2
упрощать;1;2
волейбола;3;1
зрителями;2;1
рубли;1;2
показываем;1;2
основными;1;3
одном;2;4
посвятить;2;1
зарегистрироваться;5;15
стартуем;1;2
стилус;1;13
страница;2;2
включают;1;2
определить;1;3
планируется;1;2
чур;1;2
отчета;1;2
оформлением;2;3
тестдрайв;1;6
нужных;1;2
указаны;1;4
важнее;2;1
автономных;2;1
страсть;1;2
примерах;2;1
вещах;2;2
комплексным;1;2
голове;1;2
регистрация;5;1
траншем;1;18
попасть;1;2
душа;1;2
бесплатны;1;2
вне;1;7
обратную;1;2
здоровые;1;4
наглядные;1;3
випусловия;1;2
море;1;2
корп;1;10
освойте;1;4
производительности;2;1
упс;1;2
решительных;1;3
безумные;1;2
мг;1;2
статьям;1;2
дедлайнов;3;1
презентаций;2;1
определенной;2;1
карьерное;2;1
представители;4;1
обменяйте;1;2
поблагодарить;2;1
углу;1;2
ценнике;1;3
напишите;1;4
проспекте;1;2
забирайте;1;5
ряд;2;1
лендинга;1;4
связке;2;1
товарными;1;13
клеток;1;2
воде;2;1
зарабатывают;1;6
качественные;1;2
параметров;1;2
видеокурсе;2;1
кейсов;2;1
выстроятся;1;2
крутые;4;3
подробности;1;8
мифы;1;3
раскрытие;2;1
кандидат;1;2
студентов;4;42
боятся;1;2
галереи;4;1
поставщиков;6;5
актуальное;1;2
юрий;12;34
обновлять;1;3
платеже;1;3
качественно;1;2
бумажных;1;2
шорты;1;7
оригинальные;1;2
запишитесь;1;4
открытия;1;2
призвание;4;1
гуашь;3;1
аркадия;2;1
служб;2;1
образование;3;2
пришло;2;2
платить;1;6
такими;2;1
выгодой;3;7
планы;2;1
изменениях;1;6
умные;1;2
проходи;3;1
доступ;9;16
сервера;1;2
рационально;2;1
кв;2;2
переплюнуть;1;2
назначение;1;2
виртуальной;3;1
документами;1;2
стажрами;2;1
друга;9;2
хондропротекторы;1;3
конференцзала;2;1
цифровой;1;2
синтетической;1;2
онлайнкурс;3;1
афиша;3;1
красивейших;2;1
социальных;2;41
интернетбанк;1;2
дату;2;1
учебного;4;3
действительны;2;24
мсб;1;2
письме;3;5
россиян;1;2
лидеры;1;2
использует;1;2
практикуетесь;1;2
стоят;4;1
оформить;2;19
небольшое;2;1
ш;1;6
гбук;3;1
затянет;1;2
лен;1;2
выпустить;1;2
свои;12;8
разбираемся;1;2
самых;1;5
имы;2;1
литреса;2;1
хабркарьеры;1;3
верила;1;2
тсп;1;2
кан;2;1
подарочные;4;16
уникальная;3;1
многопроцессность;1;2
компаньона;1;2
сегодняшнего;1;2
профессию;3;31
кроссовок;2;1
продуктовым;1;2
сменный;1;4
установить;1;13
глубокому;2;1
тестовые;1;2
сохраняет;1;2
данное;6;27
застрахованы;1;2
сначала;2;3
2го;1;3
романова;2;1
ждем;1;2
перспективы;1;2
зарплатой;1;2
шоколад;1;3
фея;1;2
отчетная;1;2
хранительница;1;2
половинку;3;1
маленький;1;3
игре;1;3
сообщите;2;1
крыму;2;1
скидок;1;7
публичной;1;7
правильной;2;1
футболка;1;3
наличие;1;3
единомышленниками;2;1
база;1;4
выплатите;1;2
шило;1;2
специалистам;1;8
применение;2;2
обл;2;1
прошлых;1;2
апрель;4;1
спортзал;1;4
стоимость;7;2
скоростью;1;3
друзьям;3;1
активность;3;2
секрет;2;1
прихожу;1;2
обучаетесь;2;1
готовы;1;7
детстве;2;1
техническим;1;2
обработка;1;2
претровскоразумовская;8;2
бесконечный;1;2
закрытое;3;1
смс;1;2
данными;1;7
использование;2;1
искали;1;2
заполненное;1;2
конкретику;2;1
управления;2;2
физическая;1;2
добиться;1;5
языка;1;2
успевать;1;3
ошибтесь;2;1
выгодно;2;5
дни;5;2
найдите;1;3
основное;2;1
банк;1;48
тестдрайва;1;2
поступлению;1;3
оценивать;1;2
мальчик;1;2
справляется;1;2
разбиралась;1;2
отмечать;1;2
итоги;3;3
стандартных;1;3
пазлымоменталки;1;3
объясняют;1;3
машинку;1;2
времени;3;5
момент;4;22
огрнип;2;1
мире;1;9
сложных;1;2
яркая;2;1
технологию;1;2
развития;9;2
понятный;1;4
власть;2;1
автоматизации;5;2
обновите;1;3
нашими;2;1
потоке;1;2
голову;1;2
наличным;1;2
дворы;1;2
процедуры;1;2
помощи;3;1
падать;1;2
мдт;3;1
сфера;1;2
экспертом;1;2
1сразработке;1;2
тлфплагента;1;2
самым;2;6
достаточно;2;5
стороны;1;2
отмечает;2;1
идеале;2;1
повышения;3;1
служба;3;2
оплачивать;1;2
диагностикам;1;2
скидках;1;11
жмите;1;25
перекрстка;1;2
праздником;3;1
страхи;1;2
уроки;1;4
каждые;1;2
кредитам;1;2
двоих;2;2
факты;2;2
тренировок;2;5
оставь;2;1
поудобнее;1;2
оплачивают;1;2
садиться;1;2
статусе;2;3
запоминающимися;2;1
олимпийский;1;5
пыли;1;2
буду;1;3
движков;1;3
получила;2;1
необходимая;2;1
интерфейсе;2;1
двумя;3;1
интровертов;2;2
приведи;8;2
радость;3;1
заполните;2;2
налоге;2;1
алексей;1;3
кибербезопасность;1;3
круглосуточно;2;1
1й;1;4
простым;1;3
врачам;1;2
признак;1;19
огурцы;1;2
зимнего;2;1
тонн;3;1
попадешь;4;1
ближайшие;2;2
интересное;1;6
подавайте;1;2
сател;2;1
предварительную;2;1
сортируют;4;1
вторую;2;1
детям;2;1
студентами;4;2
готовилась;1;2
запела;1;2
отличная;2;1
сведения;1;25
лишь;2;3
сразу;2;18
выпуск;1;2
поздравления;1;2
занимается;2;3
конференция;1;3
потраченная;1;3
артжурналистом;2;1
хочу;4;10
надбавок;1;2
кому;1;2
твою;1;2
шкалой;3;1
минцифры;1;4
элементов;2;2
офисов;4;1
происходит;2;1
вэжх;2;1
брендбука;1;2
взгляды;3;1
выдача;2;1
среднестатистический;2;1
устройствами;2;1
ощутимо;2;1
бизнеспроцессах;1;2
специализации;1;2
подать;11;1
рюкзаки;2;2
переживать;1;3
двигателем;1;2
геймификации;2;1
покажут;1;2
скрытое;2;1
льду;4;1
важных;2;4
препарату;1;2
саженцы;1;2
суточную;1;2
разрешить;1;2
сгорели;2;1
комбо;2;3
туда;1;2
евро;1;2
дают;3;2
прокрутке;1;2
2030му;1;2
дополнительные;3;1
графиков;1;2
конкурсная;2;1
дневном;1;2
пропало;1;2
справочники;1;2
заказу;1;7
метафизикой;2;1
стремится;2;1
пополните;1;2
рынка;4;2
новостями;3;5
заработке;2;1
проезд;1;10
предприятиеэлемент;2;1
тысячи;2;1
живыми;2;1
неопреновым;1;3
телеграмканалы;1;2
аш;1;2
удостоверяющего;2;1
случаях;3;5
участвует;1;2
самую;1;2
прочитанную;1;2
ознакомиться;5;12
готовые;1;2
накопительному;1;4
малышев;3;1
правил;2;1
воду;1;2
операции;1;2
продолжим;2;1
доклады;2;1
клиентской;2;1
узнать;6;26
папы;2;1
кинематографа;1;2
водные;1;2
курьера;1;5
прочие;1;2
деньги;1;18
удаленную;1;2
следить;1;2
процедура;1;2
менеджеру;1;2
любой;10;12
гидрохлорид;1;2
укажите;1;2
начнете;1;3
целей;3;3
тестировщик;1;5
таможенного;1;3
медицинское;1;2
спортивного;1;3
реализации;3;5
сад;1;8
мурашки;1;2
подписаться;5;1
аналитики;2;2
братьев;2;1
василий;1;2
сценарный;2;1
меню;2;4
распродажа;1;5
донаты;1;2
онкоболезней;1;2
держатель;1;2
операциях;1;2
личной;1;2
комплект;1;2
прохождение;2;1
экономьте;1;2
мсм;1;3
заявлений;2;2
вебсервисами;1;2
кроме;6;9
сравнению;1;3
вводи;2;1
подошла;1;2
освоишь;2;1
наб;1;18
полисом;1;2
новые;12;12
ускорим;3;1
вдохновляет;2;1
привязано;2;1
вкус;2;4
забудьте;1;3
кураторыэксперты;1;2
занимать;1;2
топ;1;2
сообщество;2;2
совместно;1;4
втб;1;28
входит;2;4
увольнении;2;1
фриланс;1;2
проверьте;1;2
заказ;4;15
участвуйте;3;9
создавайте;1;2
эпидемиологии;3;1
главная;3;2
соблюдать;1;2
школе;2;1
записывайтесь;2;2
почему;7;7
камер;2;1
мужчин;4;1
региональном;2;1
поло;2;1
приятные;3;1
студап;3;1
подробная;1;5
вендоры;1;2
договоров;1;2
чеки;1;5
внешнего;2;1
вычислить;2;1
удобное;1;3
хабр;1;8
насыщенных;2;1
рода;1;2
рекомендаций;1;2
магазина;2;6
законодательством;1;3
завтра;3;4
понимания;2;1
расширить;2;1
ежегодно;5;2
искусственному;1;3
углеводов;1;6
обновлениям;2;1
города;5;2
отнести;2;1
вывеска;1;2
призы;3;9
разыгрывают;1;2
баскетбольных;2;1
структурированные;1;3
предмета;1;4
значит;2;6
кредитного;1;2
испытательный;1;2
чиф;1;3
героям;2;1
поведения;1;2
проведите;2;1
контурофд;1;3
мышек;1;2
есакова;1;3
заставят;2;1
лето;2;1
нарушителей;2;1
миофарм;1;2
кадрового;3;1
музей;6;1
гордостью;1;2
приобрести;4;4
мещане;2;1
обуви;1;3
коллективе;1;2
пройдт;1;2
сайты;1;3
станете;1;3
копите;1;3
жарко;1;2
картинка;1;3
профессия;2;16
телевизор;1;4
своем;3;1
ребенку;1;2
обещаний;2;1
наставник;1;2
шансов;1;3
включить;2;1
выгодным;2;1
движений;1;2
быстрее;2;4
проекте;1;2
стыдно;2;1
обратитесь;1;2
корпусе;1;2
реальным;1;2
естественный;1;3
встанете;1;2
добавили;2;3
клубы;1;7
медицины;1;2
безналичными170000;1;3
выбирайте;1;21
пропустите;2;2
логике;2;1
текущую;1;2
выбрав;2;1
части;3;9
возрождения;2;1
дальнейшем;2;1
тема;5;1
направлена;1;2
другие;3;21
перейдте;1;2
фн;1;12
английский;1;3
какие;7;3
панорамные;2;1
интернет;4;41
крутыми;1;2
закончатся;1;2
помни;2;1
батончик;1;2
особо;1;2
подрабатывала;2;1
грейс;1;2
приветственные;2;1
сообщение;1;17
утро;1;3
фитнесу;1;2
подтверждения;1;2
собеседованию;1;3
некоторых;1;2
задач;6;3
банке;1;3
прямом;1;3
оплата;2;18
место;4;13
младшим;1;2
станьте;3;6
регулярных;1;2
нашу;2;4
михайленко;2;1
авт;1;10
первокурсников;1;2
эта;1;8
практике;1;10
пост;1;2
устроим;2;1
витамин;1;2
отписаться;35;77
проигнорируйте;4;2
техника;1;9
контроллеры;1;2
направлений;2;2
удобном;3;4
бакалавриата;1;2
вертолтами;2;1
результат;4;4
тестировщиков;1;2
команда;3;7
ознакомьтесь;2;3
лайфхак;3;1
сдавайтесь;1;2
интернетмаркетолог;1;2
1с;44;6
провал;1;2
котик;1;3
исправить;1;2
здь;1;2
ролик;2;1
голосуйте;3;1
рейтинге;3;1
маринеско;3;1
беспроводная;1;2
структуру;1;2
пользователь;3;1
наших;15;12
доступны;4;6
внутри;1;3
структурное;1;2
джордж;1;2
телеграм;1;10
холодец;1;2
приобретите;1;2
дополнения;2;1
комфортный;1;2
открытая;2;1
зарегистрированными;1;7
смотрела;1;2
действию;1;2
устанавливать;1;2
компьютерный;1;2
серверной;1;2
54фз;1;2
некорректно;1;30
учтом;1;2
нюансов;1;3
завезли;1;2
опыт;3;3
художники;1;2
готовящих;1;3
получил;2;1
мечтаете;1;2
длительность;2;1
гостинице;2;1
ясной;2;1
страхования;1;2
приложением;7;2
сети;2;6
высоких;2;2
любимцы;1;2
пушуведомления;1;2
онлайна;2;1
апреля;34;8
пользователи;1;4
международный;5;1
хуже;1;2
сообщили;2;2
портфолио;3;22
нем;1;2
здорово;1;2
обучения;9;20
пройдите;3;2
превышает;1;4
торговлей;2;1
удостоверение;3;2
ингредиентами;1;2
актуальны;2;2
учила;1;2
бонусом;1;2
компаниям;1;2
срокам;1;3
ермоловой;4;1
бухгалтерии;2;2
стал;3;3
удаленку;1;2
зрителям;2;1
санжеора;1;2
полезные;2;46
признаемся;2;1
офертой;1;24
соленые;1;2
официальной;3;1
сли;1;2
литературой;2;1
номере;1;2
обои;1;2
партнера;1;2
развитию;1;3
качественных;3;1
челленджа;1;5
понравились;1;2
выполняйте;1;2
заданию;2;1
1сразработчиком;1;2
43приход;1;2
эффективный;2;1
случилась;2;1
оптимизации;2;1
решайся;1;2
палочки;1;2
напомнить;2;1
делать;2;11
завершения;3;1
предъявить;1;2
эпотос;1;2
1н;1;4
активировать;1;2
свершения;2;1
доедали;1;2
алгоритмических;1;2
яна;1;3
создано;2;1
твой;3;1
переменах;1;2
запускаем;1;2
большие;3;4
физкультурных;1;3
каждом;1;6
знаешь;3;2
пройти;2;9
желание;1;2
анализирую;1;2
рассматриваемые;2;1
электронные;5;7
ними;1;2
валентина;1;2
визит;2;1
документа;2;5
пбо;1;2
вакансии;1;3
переподготовки;5;1
производителями;2;1
починит;1;2
проблемы;1;2
разная;2;1
версии;2;2
стадиях;1;2
прошедшего;1;2
суперпредложение;1;2
комната;3;3
голубей;7;1
ваше;2;7
зарядку;1;3
направляете;2;1
д;4;76
удаленки;1;2
ограничено;5;6
посылок;2;1
кант;1;5
пополнения;1;2
жкт;1;2
зарядиться;2;1
корма;1;2
одного;2;3
копейки;1;2
обычный;2;1
работала;2;2
сбалансированные;1;3
начислили;2;1
методики;1;3
расчетах;1;2
акция;9;11
помещение;1;39
сценариста;3;1
тушь;3;1
выбранными;1;2
тз;3;1
месте;5;3
применяемых;2;1
уютный;1;2
захватывают;2;1
страны;1;4
собак;2;1
ленинградском;1;2
всемирная;2;1
востребованных;1;2
сможешь;2;3
тплыми;1;2
сообществом;2;1
купленный;1;2
слоям;1;2
новинкам;2;1
контент;2;3
развивайте;1;2
зарегистрируйте;1;2
малом;1;2
приведте;1;2
культурой;1;2
кэшбэк;1;3
задали;1;2
свежести;1;2
рисунков;4;1
ищите;1;4
карьерных;1;3
обзоры;1;2
английском;1;3
обязательно;1;4
утрам;1;6
выбирают;2;1
сильно;1;3
пожарной;2;1
заработайте;1;2
существенным;1;2
твои;2;1
гуманитарной;5;1
конкретно;2;1
списка;1;3
серверов;3;1
тк;1;2
интерьерный;1;2
адресатов;1;2
суеты;1;2
капитала;1;3
стороне;1;2
хотят;1;2
аншлаговые;2;1
готовое;1;2
найдете;2;1
чегото;1;2
избранного;1;3
сериалы;1;2
специальные;1;4
новому;2;1
обслуживание;1;2
76г;1;2
видите;1;3
соглашений;1;2
сильным;2;2
технологий;4;5
всей;2;4
уютном;1;2
сервер;5;1
управляйте;1;3
контакт;1;2
ходит;2;1
подготовка;1;2
выбирать;1;2
нумерация;2;1
мыслить;2;1
геймс;1;4
проектирование;1;2
фирмы;3;1
набрав;1;2
интернетмагазине;2;1
отставала;1;2
штрихкода;1;4
включайтесь;1;3
е;2;4
зеф;1;2
ночная;1;3
получу;2;1
бизнесзадачи;1;2
реестре;3;1
продукцию;2;1
билету;1;2
свидетельство;1;2
желаний;1;2
рейтинг;1;2
сниженными;1;2
трудно;2;2
сатору;1;2
рубежа;1;14
благодаря;2;3
нравится;1;12
невозможном;1;2
доступна;2;3
захватывает;1;2
звездам;1;2
офисному;1;2
выборе;1;2
интересного;3;1
направлять;1;2
мониторинга;1;2
сайта;1;7
миры;1;2
расскажет;1;2
отраслевой;1;3
период;3;7
бурный;1;2
преддверии;2;1
останетесь;1;2
заработка;1;2
доработка;1;2
набирайте;2;1
спортмастер;1;18
сценарии;2;1
заполнении;2;2
тарифного;1;4
вкладов;1;2
рада;1;2
любил;2;1
целям;1;2
внедрять;1;4
литература;1;2
заглядывай;3;1
перепробовали;1;2
сравним;1;2
пути;1;3
потерялись;1;2
авторами;3;1
заказы;1;7
ежедневные;1;2
удобно;2;3
назарова;2;1
партнра;2;1
корм;1;3
командная;1;2
лечения;1;2
заместитель;2;1
поймай;1;2
полные;2;1
собрано;2;1
царапать;1;2
ходят;1;2
отделении;1;2
давайте;1;2
закажите;1;12
сброс;2;1
учитесь;1;4
дизайнпроект;1;3
копия;1;2
мотылька;1;2
вызвала;1;2
частью;2;5
защитить;1;3
творчестве;2;1
яндексу;2;1
рабочие;1;2
экспо;5;5
условия;2;12
проводите;1;2
договоразаказа;2;1
подпиской;1;2
нежилого;1;2
огромное;1;2
проявление;1;2
газы;1;2
дом;2;13
гюйгенса;1;2
масштаба;1;2
позволь;2;1
диджиталдизайн;1;2
аккаунте;1;4
действующего;1;2
честь;3;2
получателя;1;5
комфортным;1;3
помощь;2;28
подвижная;1;6
заметили;1;5
законодательства;2;1
кофейный;1;2
беспроцентного;1;11
завтрак;1;3
стажировки;3;2
допуске;1;2
список;5;1
университете;3;6
ответственности;1;2
настоящий;1;2
душе;2;2
который;6;10
инструмент;5;1
первичной;2;1
впечатляющей;1;2
комментарии;2;1
пуск;5;1
получить;13;47
кружке;1;2
путешествия;1;2
применены;1;2
оплаченному;1;3
логотип;1;14
продавцов;1;2
кит;1;5
конкурсные;2;1
записи;1;3
приятными;2;1
медиа;1;7
другого;1;4
тесты;4;1
начинается;2;1
ресторанах;1;3
пробках;1;2
петелтушка;1;2
стратегий;1;2
образовательную;2;1
зарплатным;1;2
перезвонить;2;1
придт;1;2
оливье;1;2
фонарей;3;1
паспортные;1;5
эрвист;1;2
бонусных;2;3
производители;2;1
россии;9;42
деловая;3;3
применить;1;3
людьми;2;3
основе;2;5
процесса;2;3
бесплатные;1;44
растущей;1;2
несчастных;1;2
пантера;1;2
нарисовать;1;2
оживлять;1;2
доработки;1;2
которую;2;1
выбираете;2;1
поддержка;1;3
пушистиков;1;2
проекта;4;8
потенциал;2;1
остальную;1;2
спишется;2;1
крупногабаритные;2;1
обрабатывать;1;2
вебверстки;1;2
продуктивная;1;2
упражнения;2;3
понятно;2;1
безопасности;11;13
доказали;1;3
сумму;1;11
облачный;3;1
рассмотрим;6;1
ольга;2;1
далеки;1;2
черное;1;3
зожги;1;8
монтажу;2;1
считаю;2;1
здорового;1;3
открылась;1;2
мтпп;2;1
карта;2;23
вопрос;1;12
отличается;1;2
внутренними;2;1
расстоянии;1;2
аналитиков;1;5
вузов;2;3
картой;1;79
суммы;4;2
психологов;1;2
эксперт;2;1
предъявлять;1;2
сообщить;3;1
учебы;2;1
интересующую;2;1
прибыль;2;2
желаем;1;2
днм;2;1
прикрепляется;4;1
тушеной;1;2
мужские;1;15
велкомставка;1;3
вячеслава;2;1
нр;1;2
бумажную;1;2
конкурсное;2;1
аргусспектр;1;2
стилусручка;1;2
последней;1;2
дополнительными;1;2
30ю;2;2
обращаем;1;4
онлайнпокупки;1;2
нашли;3;1
ипотеке;1;2
горстью;1;2
киноа;1;2
ради;3;2
залог;1;3
успевайте;1;4
назовите;1;2
рекламы;1;3
внедрить;1;2
ценится;1;2
разные;3;2
проживать;1;2
проф;3;1
блюдами;1;2
ресурс;3;2
товары;5;67
буквы;1;2
решать;1;3
вебверсия;2;3
автоматически;6;4
темы;2;1
социологических;3;1
переплаты;1;5
сердцу;1;2
способности;2;1
вернуть;1;7
достаточное;1;2
нейросетям;1;4
перчатка;1;3
читал;2;1
крупногабаритных;2;1
претендовать;1;2
зарегистрируйтесь;1;2
окончили;1;2
умел;1;2
соответствует;1;3
составить;1;5
поступления;1;5
записывать;1;2
лабораторное;2;1
льготная;2;1
требованию;1;2
счту;1;3
алексея;1;2
рекомендуем;1;10
заряжающее;1;2
алгонт;1;2
получи;8;2
доставкой;1;3
бродил;1;2
коротаев;2;1
влюбленных;4;1
верю;2;1
конкурс;7;1
исключением;1;8
собственное;2;1
выберите;1;8
главные;1;3
дорогой;2;2
поторопись;6;1
комфортное;1;2
поддержки;2;9
любимыми;1;2
льготный;1;5
расплачивайтесь;1;3
вкуса;1;3
объясните;2;1
полезного;2;2
учиться;1;20
создаем;1;2
заказах;1;2
сухих;1;2
челлендж;1;11
сотни;1;2
госсектор;1;2
находит;1;2
каталоге;1;2
